Sno,Candidate∇,Adilabad,Party,Criminal Case,Education,Total Assets,Liabilities
1,A.T. NANA PATIL,Agra,BJP,0,Graduate,"Rs 10,38,39,607","Rs 92,00,000"
2,AARON RASHID.J.M,Ahmedabad East,INC,0,12th Pass,"Rs 24,89,74,573","Rs 21,91,815"
3,AAWALE JAYWANT GANGARAM,Ahmedabad West,INC,1,10th Pass,"Rs 3,04,85,766",Rs 0
4,ABDUL MANNAN HOSSAIN,Ahmednagar,INC,1,Graduate,"Rs 17,09,788","Rs 10,06,391"
5,ABDUL RAHMAN,Ajmer,DMK,0,Graduate,"Rs 1,25,47,128","Rs 32,97,328"
6,Abu Hasem Khan Choudhury,Akbarpur,INC,0,Doctorate,"Rs 87,82,797",Rs 0
7,Acharia Basudeb,Akola,CPM,0,Post Graduate,"Rs 32,49,037",Rs 0
8,AD.KAMAT GURUDAS VASANT,Alappuzha,INC,0,Graduate Professional,"Rs 6,39,26,963",Rs 0
9,ADAGUR H. VISWANATH,Alathur,INC,0,Graduate Professional,"Rs 2,82,91,172","Rs 73,67,061"
10,ADHALRAO SHIVAJI DATTATRAY,Aligarh,SHS,4,Post Graduate,"Rs 12,71,13,134","Rs 1,62,21,275"
11,ADHIKARI SISIR KUMAR,Alipurduars,AITC,1,12th Pass,"Rs 10,83,159",Rs 0
12,ADHIKARI SUVENDU,Allahabad,AITC,3,Graduate,"Rs 47,51,934",Rs 0
13,ADHIR RANJAN CHOWDHURY,Almora,INC,4,10th Pass,"Rs 2,99,43,557","Rs 19,26,083"
14,ADITYA NATH,Alwar,BJP,2,Graduate,"Rs 21,82,212",Rs 0
15,ADSUL ANANDRAO VITHOBA,Amalapuram,SHS,1,Graduate,"Rs 1,77,08,418",Rs 0
16,Adv A Sampath,Ambala,CPM,2,Post Graduate,"Rs 89,99,000","Rs 21,50,029"
17,Adv P T Thomas,Ambedkar Nagar,INC,0,Post Graduate,"Rs 39,84,094","Rs 4,48,284"
18,ADV. DUDHGAONKAR GANESHRAO NAGORAO,Amethi,SHS,0,Graduate Professional,"Rs 2,81,11,720",Rs 0
19,AGATHA K. SANGMA,Amravati,NCP,0,Post Graduate,"Rs 66,44,295",Rs 0
20,AHIR HANSARAJ GANGARAM,Amreli,BJP,30,10th Pass,"Rs 80,84,050","Rs 2,62,243"
21,AJAY MAKAN,Amritsar,INC,1,Post Graduate,"Rs 4,01,48,040","Rs 97,120"
22,AJIT SINGH,Amroha,RLD,0,Post Graduate,"Rs 5,82,32,462","Rs 13,077"
23,AKHILESH YADAV,Anakapalle,SP,0,Graduate Professional,"Rs 4,85,82,202","Rs 77,26,354"
24,AKHILESH YADAV,Anandpur Sahib,SP,0,Graduate Professional,"Rs 4,44,09,557","Rs 77,26,354"
25,ALAGIRI M.K,Anantapur,DMK,0,Graduate,"Rs 19,39,78,895",Rs 0
26,ALAGIRI S,Anantnag,INC,0,Graduate,"Rs 1,18,66,846","Rs 7,81,36,525"
27,Amarnath Pradhan,Andaman & Nicobar Islands,INC,0,Graduate,"Rs 43,25,000","Rs 4,66,494"
28,AMBICA BANERJEE,Aonla,AITC,1,Graduate Professional,"Rs 6,29,26,674","Rs 72,33,333"
29,ANAND PRAKASH PARANJAPE,Arakkonam,SHS,1,Post Graduate,"Rs 1,19,98,220","Rs 38,71,225"
30,ANANDAN M,Araku,ADMK,0,12th Pass,"Rs 89,38,646","Rs 9,67,994"
31,ANANT GEETE,Arambag,SHS,1,10th Pass,"Rs 85,55,617",Rs 0
32,Ananth Kumar,Arani,BJP,0,Graduate Professional,"Rs 1,22,06,366",Rs 0
33,ANANTHA VENKATA RAMI REDDY,Araria,INC,0,Post Graduate,"Rs 1,30,15,000",Rs 0
34,Ananthkumar Hegde,Arrah,BJP,3,12th Pass,"Rs 64,27,192","Rs 39,55,458"
35,Angadi Suresh Channabasappa,Arunachal East,BJP,2,Graduate Professional,"Rs 22,17,34,263","Rs 4,33,92,842"
36,ANJAN KUMAR YADAV,Arunachal West,INC,0,12th Pass,"Rs 2,06,20,697","Rs 15,00,000"
37,ANNAYYAGARI SAI PRATHAP,Asansol,INC,0,12th Pass,"Rs 62,33,245","Rs 6,05,031"
38,ANNUTANDON,Aska,INC,1,Graduate,"Rs 42,13,52,753",Rs 0
39,Anto Antony,Attingal,INC,0,Graduate,"Rs 14,24,205","Rs 17,06,713"
40,ANUP KUMAR SAHA,Aurangabad,CPM,0,Post Graduate,"Rs 74,72,944",Rs 0
41,ANURAG SINGH THAKUR,Aurangabad,BJP,0,Graduate,"Rs 2,41,50,103","Rs 25,04,550"
42,Arjun Charan Sethi,Autonomous District,BJD,0,Post Graduate,"Rs 1,10,61,000","Rs 25,00,000"
43,ARJUN MUNDA,Azamgarh,BJP,2,Graduate Professional,"Rs 1,23,84,895","Rs 1,76,069"
44,ARJUN RAM MEGHWAL,Badaun,BJP,0,Post Graduate,"Rs 25,63,467",Rs 0
45,ARJUN ROY,Bagalkot,JD(U),0,Doctorate,"Rs 29,07,146","Rs 4,62,913"
46,ARUN SUBHASHCHANDRA YADAV,Baghpat,INC,1,Graduate,"Rs 5,32,89,688","Rs 2,75,62,966"
47,ARVIND KUMAR CHAUDHARY,Baharampur,BSP,0,12th Pass,"Rs 1,86,43,936",Rs 0
48,ARVIND KUMAR SHARMA,Bahraich,INC,0,Post Graduate,"Rs 1,90,71,256",Rs 0
49,Asaduddin Owaisi,Balasore,AIMIM,4,Graduate Professional,"Rs 93,02,233",Rs 0
50,ASHOK ARGAL,Ballia,BJP,4,12th Pass,"Rs 79,72,241","Rs 1,00,000"
51,ASHOK KUMAR RAWAT,Balurghat,BSP,0,Post Graduate,"Rs 62,21,049","Rs 6,65,426"
52,ASHOK TANWAR,Banaskantha,INC,2,Post Graduate,"Rs 2,36,64,959",Rs 0
53,ASWAMEDH DEVI,Banda,JD(U),0,5th Pass,"Rs 1,05,36,274","Rs 3,41,141"
54,AVTAR SINGH BHADANA,Bangalore Central,INC,1,8th Pass,"Rs 4,05,73,585",Rs 0
55,B. JHANSI,Bangalore North,INC,1,Post Graduate,"Rs 2,29,51,539",Rs 0
56,B.Y. RAGHAVENDRA,Bangalore Rural,BJP,0,Graduate Professional,"Rs 6,62,73,401","Rs 42,34,969"
57,BAALU T R,Bangalore South,DMK,0,Graduate,"Rs 7,69,71,478",Rs 0
58,BABAR GAJANAN DHARMSHI,Bangaon,SHS,7,Literate,"Rs 6,78,31,434",Rs 0
59,Babu Lal Marandi,Bankura,JVM(P),1,Graduate,"Rs 21,37,675",Rs 0
60,BADRI RAM,Banswara,INC,1,Literate,"Rs 6,02,43,814","Rs 4,98,169"
61,BADRUDDIN AJMAL,Bapatla,AUDF,0,Literate,"Rs 30,35,20,991",Rs 0
62,BAIDYANATH PRASAD MAHTO,Barabanki,JD(U),1,10th Pass,"Rs 44,28,802","Rs 5,20,445"
63,Baijayant Panda,Baramati,BJD,0,Graduate Professional,"Rs 16,11,00,792","Rs 4,51,767"
64,BAJU BAN RIYAN,Baramulla,CPM,0,Graduate,"Rs 36,95,981",Rs 0
65,BAL KUMAR PATEL,Barasat,SP,10,12th Pass,"Rs 2,29,78,000","Rs 1,16,95,272"
66,Baliram Kashyap,Bardhaman Purba,BJP,0,8th Pass,"Rs 99,48,590","Rs 11,66,014"
67,BALKRISHNA KHANDERAO SHUKLA,Bardhaman-Durgapur,BJP,1,Graduate,"Rs 26,62,058","Rs 2,16,512"
68,BANSAGOPAL CHOWDHURY,Bareilly,CPM,0,Graduate,"Rs 14,23,763",Rs 0
69,BAPIRAJU KANUMURU,Bargarh,INC,0,10th Pass,"Rs 3,05,74,013","Rs 38,12,438"
70,BASORI SINGH MASRAM,Barmer,INC,0,8th Pass,"Rs 36,21,178","Rs 3,50,000"
71,BENI PRASAD VERMA,Barpeta,INC,0,Graduate Professional,"Rs 2,01,83,574","Rs 80,932"
72,BHAJAN LAL,Barrackpur,HJC(BL),0,12th Pass,"Rs 6,51,13,381","Rs 73,54,075"
73,Bhakta Charan Das,Basirhat,INC,4,Graduate Professional,"Rs 55,82,100","Rs 20,61,217"
74,BHARAT RAM MEGHWAL,Bastar,INC,0,Graduate Professional,"Rs 50,16,000","Rs 4,00,000"
75,Bhartruhari Mahtab,Basti,BJD,0,Post Graduate,"Rs 5,07,93,831",Rs 0
76,BHAVANA GAWALI (PATIL),Bathinda,SHS,1,Graduate,"Rs 3,03,99,471","Rs 24,30,911"
77,BHISMA SHANKAR ALIAS KUSHAL TIWARI,Beed,BSP,0,12th Pass,"Rs 3,19,26,944","Rs 11,25,920"
78,BholaSingh,Begusarai,BJP,0,Doctorate,"Rs 38,93,000","Rs 3,60,000"
79,BHONSLE SHRIMANT CHH. UDYANRAJE PRATAPSINH,Belgaum,NCP,14,Others,"Rs 11,72,53,344","Rs 18,00,000"
80,BHUDEO CHOUDHARY,Bellary,JD(U),0,Graduate Professional,"Rs 40,79,000","Rs 2,89,192"
81,Bibhu Prasad Tarai,Berhampur,CPI,0,Post Graduate,"Rs 44,60,251","Rs 43,000"
82,BIJOY KRISHNA HANDIQUE,Betul,INC,0,Post Graduate,"Rs 1,54,28,123",Rs 0
83,BIJOYA CHAKRAVARTY,Bhadohi,BJP,0,Post Graduate,"Rs 18,70,000",Rs 0
84,BIREN SINGH ENGTI,Bhadrak,INC,0,Post Graduate,"Rs 2,52,97,068",Rs 0
85,BRIJBHUSHAN SARAN SINGH,Bhagalpur,SP,2,Graduate Professional,"Rs 5,35,37,885",Rs 0
86,C P JOSHI,Bharatpur,INC,0,Doctorate,"Rs 2,03,76,956","Rs 14,00,000"
87,C.L.RUALA,Bharuch,INC,0,Graduate Professional,"Rs 53,54,186",Rs 0
88,CAPTAIN JAI NARAYAN PRASAD NISHAD,Bhavnagar,JD(U),0,12th Pass,"Rs 1,51,48,831","Rs 43,37,141"
89,CH. LAL SINGH,Bhilwara,INC,0,Graduate,"Rs 17,62,378","Rs 26,50,000"
90,CHANDRAKANT KHAIRE,Bhind,SHS,16,12th Pass,"Rs 1,41,51,539","Rs 14,72,122"
91,CHANDRAKANT RAGHUNATH PATIL,Bhiwandi,BJP,6,10th Pass,"Rs 24,20,83,697","Rs 4,22,08,512"
92,CHANDRESH KUMARI,Bhiwani-Mahendragarh,INC,0,12th Pass,"Rs 13,28,81,067","Rs 60,744"
93,Chandulal Sahu (Chandu Bhaiya),Bhongir,BJP,0,Graduate Professional,"Rs 68,05,000","Rs 13,00,000"
94,Charandas Mahant,Bhopal,INC,0,Doctorate,"Rs 4,27,04,354","Rs 16,43,424"
95,CHAVAN HARISHCHANDRA DEORAM,Bhubaneswar,BJP,1,Graduate,"Rs 85,15,581","Rs 15,20,114"
96,CHIDAMBARAM P,Bidar,INC,0,Post Graduate,"Rs 26,79,08,542",Rs 0
97,Chinta Mohan,Bijapur,INC,0,Graduate Professional,"Rs 55,12,900","Rs 5,57,719"
98,CHITTHAN N S V,Bijnor,INC,0,Graduate,"Rs 1,70,35,764",Rs 0
99,CHOUDHURY MOHAN JATUA,Bikaner,AITC,0,Post Graduate,"Rs 25,85,000",Rs 0
100,COSME FRANCISCO CAITANO SARDINHA,Birbhum,INC,0,Graduate Professional,"Rs 2,94,73,470","Rs 4,43,500"
101,D. PURANDARESHWARI,Bishnupur,INC,0,Graduate,"Rs 20,26,39,034","Rs 5,60,000"
102,D.B. Chandre Gowda,Bolangir,BJP,0,Graduate Professional,"Rs 2,08,40,751",Rs 0
103,D.V.Sadananda Gowda,Bolpur,BJP,0,Graduate Professional,"Rs 1,43,75,959","Rs 24,86,447"
104,DANVE RAOSAHEB DADARAO,Bulandshahr,BJP,3,12th Pass,"Rs 2,42,71,518","Rs 5,30,771"
105,DARA SINGH CHAUHAN,Buldhana,BSP,2,10th Pass,"Rs 20,44,115","Rs 9,27,848"
106,DARSNABEN VIKRAMBHAI JARDOS,Buxar,BJP,1,Graduate,"Rs 90,21,338","Rs 3,95,000"
107,DATTA MEGHE,Chalakudy,INC,0,Graduate,"Rs 28,77,39,495","Rs 7,00,08,871"
108,Deepa Dasmunsi,Chamarajanagar,INC,0,Post Graduate,"Rs 1,25,14,145",Rs 0
109,DEEPENDER SINGH,Chandauli,INC,0,Post Graduate,"Rs 6,53,67,032",Rs 0
110,DEORA MILIND MURLI,Chandigarh,INC,0,Graduate Professional,"Rs 17,53,73,142",Rs 0
111,DEORAJ SINGH PATEL,Chandni Chowk,BSP,0,Post Graduate,"Rs 3,08,45,000","Rs 49,61,271"
112,DEV JI PATEL,Chandrapur,BJP,0,10th Pass,"Rs 1,12,61,830",Rs 0
113,DEVENDRA NAGPAL,Chatra,RLD,6,Graduate,"Rs 13,24,25,712","Rs 1,39,60,788"
114,DEVIDHAN BESRA,Chennai South,BJP,0,10th Pass,"Rs 48,28,559",Rs 0
115,DHANANJAY SINGH,Chevella,BSP,1,Post Graduate,"Rs 43,62,656","Rs 6,78,982"
116,DHARMENDRA YADAV,Chhota Udaipur,SP,0,Post Graduate,"Rs 56,82,299","Rs 98,000"
117,DHOTRE SANJAY SHAMRAO,Chidambaram,BJP,4,Graduate Professional,"Rs 1,93,35,144","Rs 22,21,980"
118,DINESH CHANDRA YADAV,Chikkballapur,JD(U),0,Others,"Rs 63,05,253","Rs 15,922"
119,DINESH TRIVEDI,Chikkodi,AITC,0,Post Graduate,"Rs 2,72,03,930",Rs 0
120,DINSHA ZAVARBHAI PATEL,Chitradurga,INC,0,10th Pass,"Rs 2,30,65,019","Rs 34,80,352"
121,DINUBHAI BOGHABHAI SOLANKI,Chittoor,BJP,1,Graduate,"Rs 1,94,60,865","Rs 59,45,896"
122,DIP GOGOI,Chittorgarh,INC,0,Graduate,"Rs 25,39,058",Rs 0
123,DR JYOTI MIRDHA,Churu,INC,0,Graduate Professional,"Rs 3,90,39,915",Rs 0
124,DR. BALIRAM,Coimbatore,BSP,0,Doctorate,"Rs 80,03,036","Rs 6,38,922"
125,Dr. G. Vivekanand,Constituency,INC,0,Graduate Professional,"Rs 72,95,09,675",Rs 0
126,Dr. Manda Jagannath,Coochbehar,INC,0,Post Graduate,"Rs 2,81,26,000","Rs 31,23,000"
127,DR. MONAZIR HASSAN,Cuddalore,JD(U),0,Doctorate,"Rs 35,83,898","Rs 16,82,852"
128,DR. MURLI MANOHAR JOSHI,Cuttack,BJP,1,Doctorate,"Rs 5,44,75,345",Rs 0
129,DR. RAJAN SUSHANT,Dadra & Nagar Haveli,BJP,0,Graduate Professional,"Rs 1,10,24,873","Rs 24,88,285"
130,DR. RAMSHANKAR,Dahod,BJP,0,Doctorate,"Rs 15,11,000","Rs 6,39,959"
131,DR. RATTAN SINGH AJNALA,Dakshina Kannada,SAD,1,Graduate Professional,"Rs 1,87,74,102",Rs 0
132,DR. SANJAY JAISWAL,Daman & Diu,BJP,2,Post Graduate,"Rs 1,09,50,474","Rs 11,69,173"
133,DR. SHAFIQUR RAHMAN BARQ,Damoh,BSP,0,Graduate,"Rs 70,59,763",Rs 0
134,DR. TARUN MONDAL,Darbhanga,IND,0,Graduate Professional,"Rs 18,56,636","Rs 5,600"
135,DR. THOKCHOM MEINYA,Darjeeling,INC,0,Doctorate,"Rs 16,39,200",Rs 0
136,DR.NILESH NARAYAN RANE,Dausa,INC,1,Doctorate,"Rs 3,05,61,862",Rs 0
137,DR.SANJAY SINGH,Davanagere,INC,0,Doctorate,"Rs 6,22,59,720",Rs 0
138,DR.SANJEEV GANESH NAIK,Deoria,NCP,2,12th Pass,"Rs 3,04,15,344",Rs 0
139,DUSHYANT SINGH,Dewas,BJP,0,Post Graduate,"Rs 6,41,10,900","Rs 27,79,153"
140,DUTT PRIYA SUNIL,Dhanbad,INC,0,Graduate,"Rs 34,95,76,448","Rs 1,47,511"
141,E Ahamed,Dhar,MUL,0,Post Graduate,"Rs 38,87,709",Rs 0
142,E T Mohamed Basheer,Dharmapuri,MUL,0,10th Pass,"Rs 6,05,855",Rs 0
143,EKNATH M. GAIKWAD,Dharwad,INC,0,10th Pass,"Rs 21,95,416",Rs 0
144,FAROOQ ABDULLAH,Dhaurahra,JKN,0,Graduate Professional,"Rs 9,78,41,140",Rs 0
145,FEROZE VARUN GANDHI,Dhenkanal,BJP,6,Graduate,"Rs 4,92,67,810",Rs 0
146,G V Harsha Kumar,Dhubri,INC,1,Post Graduate,"Rs 72,89,000","Rs 10,14,298"
147,G.S. BASAVARAJU,Dhule,BJP,0,Graduate Professional,"Rs 5,43,82,029","Rs 87,61,621"
148,GADDIGOUDAR P C,Diamond Harbour,BJP,0,Graduate Professional,"Rs 1,67,62,000","Rs 66,74,134"
149,GAJENDRASINGH RAJUKHEDI,Dibrugarh,INC,0,Graduate Professional,"Rs 2,06,53,466",Rs 0
150,GANDHI DILIPKUMAR MANSUKHLAL,Dindigul,BJP,9,10th Pass,"Rs 1,30,53,391","Rs 9,55,351"
151,GANDHISELVAN.S,Dindori,DMK,2,Post Graduate,"Rs 40,70,482",Rs 0
152,GANESH SINGH,Domariyaganj,BJP,3,Post Graduate,"Rs 73,72,032","Rs 16,585"
153,GANESHAMURTHI.A.,Dum Dum,MDMK,1,Graduate,"Rs 2,67,29,518","Rs 10,85,323"
154,GAVIT MANIKRAO HODLYA,Dumka,INC,0,5th Pass,"Rs 4,10,64,753",Rs 0
155,GHANSYAM ANURAGI,Durg,SP,2,Post Graduate,"Rs 63,50,833",Rs 0
156,GIRIJA VYAS,East Delhi,INC,1,Doctorate,"Rs 87,21,354",Rs 0
157,GOBINDA CHANDRA NASKAR,Eluru,AITC,0,Post Graduate,"Rs 25,49,515",Rs 0
158,GOPAL SINGH,Ernakulam,INC,0,Graduate Professional,"Rs 41,06,255","Rs 4,89,648"
159,GORAKH PRASAD JAISWAL,Erode,BSP,0,10th Pass,"Rs 2,42,17,040",Rs 0
160,GORAKHNATH,Etawah,BSP,0,Post Graduate,"Rs 1,01,58,748","Rs 4,33,968"
161,GOVIND PRASAD MISHRA,Faizabad,BJP,0,Graduate Professional,"Rs 51,87,425",Rs 0
162,GUDDU PREMCHAND,Faridabad,INC,3,5th Pass,"Rs 10,50,31,313","Rs 15,00,000"
163,Gurudas Dasgupta,Faridkot,CPI,0,Post Graduate,"Rs 36,54,001",Rs 0
164,Gutha Sukender Reddy,Farrukhabad,INC,0,12th Pass,"Rs 1,60,40,830","Rs 1,66,62,997"
165,H D KUMARA SWAMY,Fatehgarh Sahib,JD(S),3,Graduate,"Rs 49,16,83,477","Rs 33,62,37,223"
166,H. D. Devegowda,Fatehpur,JD(S),0,Others,"Rs 1,96,24,664","Rs 64,99,000"
167,Hari Manjhi,Fatehpur Sikri,BJP,0,8th Pass,"Rs 14,71,374","Rs 3,89,075"
168,HARIBHAU MADHAV JAWALE,Firozabad,BJP,0,Graduate,"Rs 78,42,881","Rs 6,29,917"
169,HARIN PATHAK,Firozpur,BJP,2,Post Graduate,"Rs 1,45,78,184","Rs 22,734"
170,Harish choudhary,Gadchiroli-Chimur,INC,0,Graduate,"Rs 49,53,849","Rs 12,95,812"
171,HARISH RAWAT,Gandhinagar,INC,1,Graduate Professional,"Rs 1,18,25,335",Rs 0
172,HARSIMRAT KAUR,Ganganagar,SAD,0,10th Pass,"Rs 60,31,00,135","Rs 13,800"
173,HASSAN KHAN,Garhwal,IND,0,Graduate,"Rs 60,65,000",Rs 0
174,HELEN DAVIDSON J,Gauhati,DMK,0,Post Graduate,"Rs 4,84,55,728","Rs 21,23,538"
175,HEMANAND BISWAL,Gautam Budhha Nagar,INC,0,12th Pass,"Rs 39,65,226",Rs 0
176,HUKM DEO NARAYAN YADAV,Gaya,BJP,0,Graduate,"Rs 2,50,12,430","Rs 2,64,033"
177,IJYARAJ SINGH,Ghatal,INC,0,Post Graduate,"Rs 18,01,31,144",Rs 0
178,Inder Singh Namdhari,Ghaziabad,IND,0,Graduate Professional,"Rs 2,12,77,657",Rs 0
179,INDERJIT SINGH,Ghazipur,INC,0,Graduate Professional,"Rs 6,73,83,257","Rs 96,692"
180,ISMAIL HUSSAIN,Ghosi,INC,0,Post Graduate,"Rs 99,31,726",Rs 0
181,J. SHANTHA,Giridih,BJP,0,12th Pass,"Rs 4,65,72,264",Rs 0
182,JADHAV BALIRAM SUKUR,Godda,BVA,0,8th Pass,"Rs 23,99,053",Rs 0
183,JADHAV PRATAPRAO GANPATRAO,Gonda,SHS,10,Graduate,"Rs 1,20,52,820","Rs 45,41,550"
184,JAGATHRAKSHAKAN,Gopalganj,DMK,0,10th Pass,"Rs 5,91,06,399",Rs 0
185,Jagda Nand singh,Gorakhpur,RJD,1,Graduate Professional,"Rs 65,65,488","Rs 12,263"
186,JAGDAMBIKA PAL,Gulbarga,INC,1,Post Graduate,"Rs 4,97,20,730","Rs 45,66,564"
187,JAGDISH SINGH RANA,Guna,BSP,0,Graduate,"Rs 1,88,67,277","Rs 2,98,187"
188,JAGDISHBHAI MOTIJI THAKORE,Guntur,INC,0,10th Pass,"Rs 33,89,298","Rs 11,58,381"
189,JAI PRAKASH AGARWAL,Gurdaspur,INC,0,Graduate,"Rs 2,49,28,873",Rs 0
190,JANARDHANA SWAMY,Gurgaon,BJP,0,Post Graduate,"Rs 2,28,36,000",Rs 0
191,Jaswant Singh,Hajipur,BJP,0,Graduate,"Rs 8,35,71,845","Rs 7,44,864"
192,JAYA PRADA NAHATA,Hamirpur,SP,0,12th Pass,"Rs 13,14,90,118","Rs 13,98,995"
193,JAYANT K SINGH,Hamirpur,RLD,1,Post Graduate,"Rs 3,02,04,219","Rs 2,88,327"
194,Jayaram Pangi,Hardoi,BJD,0,10th Pass,"Rs 61,82,372",Rs 0
195,JAYSHREEBEN KANUBHAI PATEL,Hardwar,BJP,0,10th Pass,"Rs 33,43,068","Rs 2,63,528"
196,JEETENDRA SINGH,Hassan,BJP,0,Post Graduate,"Rs 1,05,96,506",Rs 0
197,JEYADURAI S R,Hathras,DMK,0,Graduate,"Rs 8,75,26,313","Rs 10,90,000"
198,Jigajinagi Ramesh Chandappa,Hatkanangle,BJP,0,Graduate,"Rs 1,17,53,725","Rs 39,02,460"
199,JITENDER SINGH,Haveri,INC,0,Graduate Professional,"Rs 17,79,080",Rs 0
200,JITENDRA SINGH,Hazaribagh,INC,0,Graduate,"Rs 6,79,67,810",Rs 0
201,Jose K Mani,Hindupur,KEC(M),0,Post Graduate,"Rs 96,51,729",Rs 0
202,JOSEPH TOPPO,Hingoli,AGP,0,10th Pass,"Rs 9,36,292","Rs 5,35,000"
203,JYOTI DHURVE,Hisar,BJP,0,Post Graduate,"Rs 71,35,000","Rs 6,38,122"
204,JYOTIRADITYA MADHAVRAO SCINDIA,Hooghly,INC,0,Post Graduate,"Rs 14,90,94,212",Rs 0
205,K C Venugopal,Hoshangabad,INC,0,Post Graduate,"Rs 35,33,704","Rs 2,03,374"
206,K P Dhanapalan,Hoshiarpur,INC,1,Graduate,"Rs 29,54,364",Rs 0
207,K Sudhakaran Kavinte Arikathu,Howrah,INC,3,Post Graduate,"Rs 73,59,040","Rs 6,00,000"
208,K. CHANDRASEKHARA RAO,Hyderabad,TRS,2,Graduate,"Rs 2,26,69,420",Rs 0
209,K. KRUPA RANI,Idukki,INC,0,Graduate Professional,"Rs 1,84,91,160","Rs 26,42,781"
210,K.C. SINGH BABA,Indore,INC,0,12th Pass,"Rs 4,39,87,049","Rs 6,49,024"
211,K.H.Muniyappa,Inner Manipur,INC,0,Graduate Professional,"Rs 5,19,21,402","Rs 2,10,19,510"
212,Kabindra Purkayastha,Jabalpur,BJP,0,Post Graduate,"Rs 20,98,543","Rs 81,279"
213,KABIR SUMAN,Jadavpur,AITC,0,Graduate,"Rs 32,06,685",Rs 0
214,KADEER RANA,Jagatsinghpur,BSP,4,Literate,"Rs 5,84,51,906",Rs 0
215,KAILASH JOSHI,Jaipur,BJP,0,10th Pass,"Rs 58,85,927",Rs 0
216,KAISAR JAHAN,Jaipur Rural,BSP,0,8th Pass,"Rs 65,53,956",Rs 0
217,KAKALI GHOSH DASTIDAR,Jajpur,AITC,0,Graduate Professional,"Rs 1,25,76,309","Rs 3,35,000"
218,KALIKESH NARAYAN SINGH DEO,Jalandhar,BJD,2,Graduate,"Rs 3,61,48,185","Rs 14,31,104"
219,KALMADI SURESH,Jalaun,INC,1,Post Graduate,"Rs 12,81,65,624",Rs 0
220,KALYAN BANERJEE,Jalgaon,AITC,0,Graduate Professional,"Rs 1,61,46,266","Rs 21,25,000"
221,KAMAL KISHOR,Jalna,INC,1,Graduate,"Rs 13,73,495",Rs 0
222,Kamaladevi Patale,Jalore,BJP,0,12th Pass,"Rs 35,56,426","Rs 80,000"
223,KAMESHWAR BAITHA,Jalpaiguri,JMM,46,10th Pass,"Rs 5,70,000",Rs 0
224,KAMLESH,Jammu,SP,0,5th Pass,"Rs 8,44,005",Rs 0
225,KANTILAL BHURIA,Jamnagar,INC,0,Post Graduate,"Rs 3,05,57,089",Rs 0
226,KAPIL MUNI KARWARIYA,Jamshedpur,BSP,4,Graduate Professional,Nil,Rs 0
227,KAPIL SIBAL,Jamui,INC,0,Post Graduate,"Rs 31,97,22,459",Rs 0
228,KARIYA MUNDA,Jangipur,BJP,0,Post Graduate,"Rs 59,89,638","Rs 1,33,125"
229,KATTI RAMESH VISHWANATH,Janjgir-Champa,BJP,1,12th Pass,"Rs 2,83,52,578",Rs 0
230,KAUSHALENDRA KUMAR,Jaunpur,JD(U),0,12th Pass,"Rs 71,33,058","Rs 2,27,065"
231,KAVURI SAMBASIVA RAO,Jaynagar,INC,0,Graduate Professional,"Rs 12,60,50,111","Rs 9,45,674"
232,KHAGEN DAS,Jhalawar-Baran,CPM,0,Post Graduate,"Rs 34,92,580",Rs 0
233,KHATGAONK PATIL BHASKARRAO BAPURAO,Jhanjharpur,INC,4,Graduate,"Rs 6,24,16,000","Rs 2,60,000"
234,KHILADI LAL BAIRWA,Jhansi,INC,0,Graduate,"Rs 6,28,02,340","Rs 56,93,479"
235,KIRITBHAI PREMJIBHAI SOLANKI,Jhargram,BJP,0,Graduate Professional,"Rs 2,61,22,439","Rs 7,09,488"
236,KIRODI LAL,Jhunjhunu,IND,0,Graduate Professional,"Rs 80,80,496",Rs 0
237,KIRSHNA TIRATH,Jodhpur,INC,0,Graduate Professional,"Rs 2,11,46,350",Rs 0
238,KIRTI AZAD,Jorhat,BJP,3,Graduate,"Rs 97,89,047",Rs 0
239,KISANBHAI VESTABHAI PATEL,Junagadh,INC,2,12th Pass,"Rs 15,20,245",Rs 0
240,Kodikunnil Suresh,Kachchh,INC,4,Graduate Professional,"Rs 16,52,747","Rs 77,210"
241,KOMATIREDDY RAJ GOPAL REDDY,Kadapa,INC,0,Graduate,"Rs 19,47,63,618","Rs 60,57,899"
242,Konakalla Narayana Rao,Kairana,TDP,0,12th Pass,"Rs 86,16,000","Rs 37,87,000"
243,KOTLA JAYA SURYA PRAKASH REDDY,Kaiserganj,INC,0,Graduate,"Rs 5,37,19,195","Rs 30,34,000"
244,KOWASE MAROTRAO SAINUJI,Kakinada,INC,0,Graduate,"Rs 1,07,76,756","Rs 5,00,000"
245,KRISHNASAMY M,Kalahandi,INC,0,Graduate Professional,"Rs 6,23,85,765","Rs 1,67,92,067"
246,KRISTAPPA NIMMALA,Kaliabor,TDP,0,Graduate,"Rs 1,59,17,465","Rs 12,16,390"
247,KU. RATANJEET PRATAP NARAYAN SINGH,Kallakurichi,INC,0,Graduate,"Rs 3,99,75,893","Rs 1,00,000"
248,KUMAR.P,Kalyan,ADMK,0,Graduate Professional,"Rs 53,45,000","Rs 8,06,395"
249,KUNVARJIBHAI MOHANBHAI BAVALIYA,Kancheepuram,INC,3,Graduate,"Rs 45,60,852","Rs 5,99,799"
250,KUNWAR JITIN PRASAD,Kandhamal,INC,0,Post Graduate,"Rs 3,26,56,975",Rs 0
251,KUNWAR REWATI RAMAN SINGH ALIAS MANI JI,Kangra,SP,0,Graduate Professional,"Rs 1,86,40,164","Rs 2,26,475"
252,L Rajagopal,Kanker,INC,0,Graduate Professional,"Rs 1,22,29,64,909","Rs 2,39,67,984"
253,LAL CHAND KATARIA,Kannauj,INC,0,10th Pass,"Rs 3,06,50,401","Rs 7,02,835"
254,LAL JI TANDON,Kanniyakumari,BJP,0,Graduate,"Rs 2,17,00,160",Rs 0
255,Lalit Mohan Suklabaidya,Kannur,INC,0,Post Graduate,"Rs 46,44,049",Rs 0
256,LALKRISHNA KISHANCHAND ADVANI,Kanpur,BJP,1,Graduate Professional,"Rs 3,55,43,172",Rs 0
257,LALUBHAI PATEL,Kanthi,BJP,0,10th Pass,"Rs 3,68,79,385","Rs 21,35,939"
258,Laxman Tudu,Karakat,BJD,0,Graduate,"Rs 1,73,000","Rs 38,986"
259,LINGAM P,Karauli-Dholpur,CPI,0,Graduate,"Rs 1,59,365","Rs 23,014"
260,M B Rajesh,Karimganj,CPM,16,Post Graduate,"Rs 11,05,474","Rs 5,04,893"
261,M I Shanavas,Karimnagar,INC,0,Post Graduate,"Rs 2,39,04,424","Rs 25,48,978"
262,M K Raghavan,Karnal,INC,0,Graduate,"Rs 14,09,694","Rs 10,55,000"
263,M M Pallamraju,Karur,INC,0,Post Graduate,"Rs 6,55,89,882","Rs 11,12,763"
264,M Rajamohan Reddy,Kasaragod,INC,0,Graduate Professional,"Rs 36,34,62,696",Rs 0
265,M. Veerappa Moily,Katihar,INC,0,Graduate,"Rs 2,93,74,446","Rs 10,83,264"
266,MADAN LAL SHARMA,Kaushambi,INC,1,10th Pass,"Rs 1,18,82,734","Rs 1,49,750"
267,MADHU KORA,Kendrapara,IND,0,Graduate,"Rs 98,32,144",Rs 0
268,Madhu Yaskhi Goud,Keonjhar,INC,0,Post Graduate,"Rs 11,91,08,338","Rs 1,54,22,084"
269,Madhusudan Yadav,Khadoor Sahib,BJP,1,12th Pass,"Rs 11,65,680",Rs 0
270,MAGUNTA SRINIVASULU REDDY,Khagaria,INC,0,Graduate,"Rs 10,20,65,901",Rs 0
271,MAHABAL MISHRA,Khajuraho,INC,0,12th Pass,"Rs 6,19,94,338","Rs 9,89,118"
272,Mahabali Singh,Khammam,JD(U),3,8th Pass,"Rs 61,94,257",Rs 0
273,MAHADEV SINGH,Khandwa,INC,0,Post Graduate,"Rs 78,79,689",Rs 0
274,Mahendra Kumar Roy,Khargone,CPM,0,Graduate Professional,"Rs 28,78,591",Rs 0
275,MAHENDRASINH PRUTHVISINH CHAUHAN,Kheda,BJP,0,Graduate Professional,"Rs 88,42,370","Rs 1,61,190"
276,MAHESH JOSHI,Kheri,INC,0,Doctorate,"Rs 1,03,88,500","Rs 12,45,000"
277,MAHESWER HAZARI,Khunti,JD(U),0,Post Graduate,"Rs 69,64,921","Rs 10,54,356"
278,MAKNSINGH SOLANKI (BABUJI),Kishanganj,BJP,0,5th Pass,"Rs 58,38,265","Rs 2,04,826"
279,Mallikarjun Kharge,Kodarma,INC,0,Graduate Professional,"Rs 5,06,46,533","Rs 55,08,946"
280,MAMATA BANERJEE,Kokrajhar,AITC,0,Post Graduate,"Rs 4,73,194",Rs 0
281,MANEKA GANDHI,Kolar,BJP,1,12th Pass,"Rs 17,56,85,977",Rs 0
282,MANGANI LAL MANDAL,Kolhapur,JD(U),2,Post Graduate,"Rs 53,98,803","Rs 17,09,884"
283,MANIAN O.S,Kolkata Dakshin,ADMK,1,12th Pass,"Rs 86,35,089","Rs 20,00,000"
284,MANICKA TAGORE,Kolkata Uttar,INC,0,Graduate Professional,"Rs 33,13,910",Rs 0
285,MANISH TEWARI,Kollam,INC,0,Graduate Professional,"Rs 2,99,41,543",Rs 0
286,Manohar Tirkey,Koppal,RSP,0,10th Pass,"Rs 23,58,725",Rs 0
287,MANSUKHBHAI DHANJIBHAI VASAVA,Koraput,BJP,0,Graduate,"Rs 24,41,000","Rs 8,33,462"
288,Mausam Noor,Korba,INC,0,Graduate Professional,"Rs 18,47,359","Rs 2,34,488"
289,Meena Singh,Kota,JD(U),0,Graduate,"Rs 4,24,36,500",Rs 0
290,MEENAKSHI NATRAJAN,Kottayam,INC,0,Post Graduate,"Rs 11,26,966",Rs 0
291,MEIRA KUMAR,Kozhikode,INC,0,Post Graduate,"Rs 10,15,65,500",Rs 0
292,MIRZA MEHBOOB BEG,Krishnagiri,JKN,0,Graduate Professional,"Rs 48,50,000",Rs 0
293,MITHLESH,Krishnanagar,SP,0,Graduate,"Rs 80,35,655","Rs 17,46,024"
294,MOHAMMAD ASRARUL HAQUE,Kurnool,INC,0,Post Graduate,"Rs 36,46,860",Rs 0
295,MOHAMMED AZHARUDDIN,Kurukshetra,INC,0,Graduate,"Rs 2,52,33,948","Rs 5,65,160"
296,Mohan Jena,Kushi Nagar,BJD,0,Post Graduate,"Rs 30,46,404",Rs 0
297,MOHINDER SINGH KAYPEE,Ladakh,INC,0,Graduate Professional,"Rs 4,81,96,591","Rs 1,25,000"
298,Muhammed Hamdulla Sayeed A.B.,Lakhimpur,INC,0,Graduate Professional,"Rs 2,09,77,767",Rs 0
299,MUKESH BHAIRAVDANJI GADHAVI,Lakshadweep,INC,0,Graduate,"Rs 2,26,94,764",Rs 0
300,MULAYAM SINGH YADAV,Lalganj,SP,0,Post Graduate,"Rs 2,23,99,320","Rs 2,43,842"
301,Mullappally Ramachandran,Latur,INC,0,Post Graduate,"Rs 33,16,300","Rs 5,02,346"
302,MUNDE GOPINATHRAO PANDURANG,Lohardaga,BJP,4,Graduate Professional,"Rs 6,22,50,603","Rs 4,50,90,238"
303,MUTTEMWAR VILASRAO BABURAOJI,Lucknow,INC,0,Graduate,"Rs 1,53,02,294","Rs 27,56,726"
304,N Chaluvarayaswamy,Ludhiana,JD(S),15,12th Pass,"Rs 5,41,68,804","Rs 41,25,000"
305,N Peethambarakurup,Machhlishahr,INC,2,Graduate,"Rs 28,10,132",Rs 0
306,N. Dharamsingh,Machilipatnam,INC,5,Post Graduate,"Rs 14,23,94,557","Rs 4,39,58,832"
307,Nalin Kumar Kateel,Madha,BJP,1,10th Pass,"Rs 53,91,279","Rs 28,44,596"
308,Nama Nageswara Rao,Madhepura,TDP,0,12th Pass,"Rs 1,73,75,08,117",Rs 0
309,"NAPOLEON,D.",Madhubani,DMK,0,Graduate,"Rs 19,14,19,973","Rs 2,82,70,000"
310,Narahari Mahato,Madurai,AIFB,0,Post Graduate,"Rs 30,86,000","Rs 4,00,000"
311,NARAMALLI SIVAPRASAD,Mahabubabad,TDP,0,Graduate Professional,"Rs 60,11,000",Rs 0
312,NARANBHAI BHIKHABHAI KACHHADIYA,Maharajganj,BJP,0,5th Pass,"Rs 47,48,283","Rs 3,00,000"
313,NARAYANASAMY,Mahasamund,INC,0,Post Graduate,"Rs 3,59,79,157","Rs 21,71,758"
314,NARAYANSINGH AMLABE,Mahbubnagar,INC,0,12th Pass,"Rs 38,08,133","Rs 1,61,617"
315,NARENDRA SINGH TOMAR,Mahesana,BJP,0,Graduate,"Rs 34,53,203","Rs 17,80,000"
316,NATARAJAN.P.R.,Mainpuri,CPM,0,Graduate,"Rs 17,67,722",Rs 0
317,NAVEEN JINDAL,Malappuram,INC,0,Post Graduate,"Rs 1,31,07,30,000",Rs 0
318,NAVJOT SINGH SIDHU,Maldaha Dakshin,BJP,1,Graduate,"Rs 14,50,37,236",Rs 0
319,NEERAJ SHEKHAR,Maldaha Uttar,SP,0,Graduate,"Rs 2,77,18,262","Rs 1,51,00,000"
320,NIKHIL KUMAR CHOUDHARY,Malkajgiri,BJP,4,Graduate,"Rs 80,18,754","Rs 8,02,308"
321,NINONG ERING,Mandi,INC,0,Graduate,"Rs 10,43,20,000","Rs 12,51,784"
322,NIRMAL KHATRI,Mandla,INC,0,Doctorate,"Rs 66,70,000","Rs 5,771"
323,NISHIKANT DUBEY,Mandsour,BJP,0,Post Graduate,"Rs 10,10,37,987",Rs 0
324,Nityananda Pradhan,Mandya,BJD,1,Post Graduate,"Rs 2,66,16,692","Rs 15,25,000"
325,Nripendra Nath Ray,Mangaldoi,AIFB,1,Graduate,"Rs 11,33,170",Rs 0
326,OmPrakashYadav,Mathura,IND,1,Graduate,"Rs 30,32,500",Rs 0
327,P C Chacko,Mathurapur,INC,0,Post Graduate,"Rs 1,63,35,679",Rs 0
328,P K Biju,Maval,CPM,0,Post Graduate,"Rs 4,61,000",Rs 0
329,P. BALRAM,Mavelikkara,INC,0,Graduate,"Rs 1,71,95,194","Rs 1,41,22,000"
330,P.C.Mohan,Mayiladuthurai,BJP,1,12th Pass,"Rs 5,37,29,000","Rs 3,28,87,000"
331,P.Karunakaran,Mayurbhanj,CPM,12,Post Graduate,"Rs 1,78,23,645",Rs 0
332,P.L.PUNIA,Medak,INC,0,Doctorate,"Rs 1,40,47,833","Rs 9,95,370"
333,PAKAURI LAL,Medinipur,SP,0,Literate,"Rs 17,62,515",Rs 0
334,PALANIMANICKAM.S.S,Meerut,DMK,0,Graduate Professional,"Rs 75,23,592","Rs 28,41,136"
335,PANABAKA LAKSHMI,Mirzapur,INC,0,Post Graduate,"Rs 1,66,35,386",Rs 0
336,PARAMJIT KAUR GULSHAN,Misrikh,SAD,0,Post Graduate,"Rs 1,42,08,609","Rs 21,85,837"
337,PARTAP SINGH BAJWA,Mizoram,INC,0,Graduate,"Rs 6,80,53,249","Rs 1,00,000"
338,PASHUPATI NATH SINGH,Mohanlalganj,BJP,2,Graduate,"Rs 39,43,516",Rs 0
339,PATEL NATUBHAI GOMANBHAI,Moradabad,BJP,3,5th Pass,"Rs 8,34,94,860","Rs 34,26,035"
340,PATIL PADAMSINHA BAJIRAO,Morena,NCP,7,Graduate Professional,"Rs 7,58,52,364",Rs 0
341,PAWAN KUMAR BANSAL,Mumbai North,INC,0,Graduate Professional,"Rs 3,87,29,400",Rs 0
342,PAWAR SHARADCHANDRA GOVINDRAO,Mumbai North Central,NCP,0,10th Pass,"Rs 8,72,38,434",Rs 0
343,Pinaki Misra,Mumbai North East,BJD,0,Graduate,"Rs 29,69,00,000",Rs 0
344,Ponnam Prabhakar,Mumbai North West,INC,0,Graduate Professional,"Rs 12,87,000",Rs 0
345,POONAMBEN VELJIBHAI JAT,Mumbai South,BJP,1,12th Pass,"Rs 5,24,126",Rs 0
346,PRABHABEN KISHORESINH TAVIAD,Mumbai South Central,INC,0,Graduate Professional,"Rs 68,23,687",Rs 0
347,PRABHATSINH PRATAPSINH CHAUHAN,Murshidabad,BJP,3,10th Pass,"Rs 72,55,000",Rs 0
348,Prabodh Panda,Muzaffarnagar,CPI,0,Graduate,"Rs 22,30,746","Rs 3,62,156"
349,PRADEEP KUMAR JAIN,Muzaffarpur,INC,2,Post Graduate,"Rs 33,43,719",Rs 0
350,Pradeep Kumar Majhi,Mysore,INC,0,Graduate,"Rs 8,50,000","Rs 3,45,830"
351,PRADEEP KUMAR SINGH,Nabarangpur,BJP,3,10th Pass,"Rs 2,57,014","Rs 7,64,726"
352,PRADEEP TAMTA,Nagapattinam,INC,0,Post Graduate,"Rs 15,90,000",Rs 0
353,Pralhad Joshi,Nagarkurnool,BJP,0,Graduate,"Rs 1,44,12,674","Rs 31,82,357"
354,PRANAB MUKHERJEE,Nagaur,INC,0,Doctorate,"Rs 2,69,20,479",Rs 0
355,Prasanna Kumar Patasani,Nagina,BJD,0,Post Graduate,"Rs 14,77,178",Rs 0
356,Prasanta Kumar Majumdar,Nagpur,RSP,0,Post Graduate,"Rs 16,76,454",Rs 0
357,PRATIK PRAKASHBAPU PATIL,Nainital-Udhamsingh Nagar,INC,1,Others,"Rs 2,21,37,000","Rs 13,58,000"
358,PRAVEEN SINGH ARON,Nalanda,INC,1,Graduate Professional,"Rs 28,80,19,293","Rs 3,26,22,036"
359,PREM DAS RAI,Nalgonda,SDF,0,Post Graduate,"Rs 1,85,03,294","Rs 8,41,835"
360,PREMDAS,Namakkal,SP,1,Graduate,"Rs 42,28,828",Rs 0
361,PRENEET KAUR,Nanded,INC,0,Graduate,"Rs 42,30,43,438",Rs 0
362,Prof K V Thomas,Nandurbar,INC,0,Post Graduate,"Rs 1,50,41,664","Rs 22,09,490"
363,Pulin Bihari Baske,Nandyal,CPM,0,Graduate Professional,"Rs 14,84,298",Rs 0
364,PURNAMASI RAM,Narasaraopet,JD(U),1,10th Pass,"Rs 34,21,562","Rs 5,33,024"
365,R. K. SINGH PATEL,Narsapuram,SP,1,Graduate,"Rs 3,41,07,955",Rs 0
366,R.DHRUVANARAYANA,Nashik,INC,0,Post Graduate,"Rs 1,67,29,619","Rs 38,96,431"
367,RADHA MOHAN SINGH,Navsari,BJP,0,Graduate,"Rs 76,29,444","Rs 1,84,731"
368,RADHEY MOHAN SINGH,Nawada,SP,1,Graduate,"Rs 2,20,62,609","Rs 17,52,447"
369,RAGHUVANSH PRASAD SINGH,Nellore,RJD,0,Doctorate,"Rs 61,69,238","Rs 2,14,137"
370,Raghuveer singh,New Delhi,INC,0,Graduate,"Rs 67,53,883","Rs 17,50,000"
371,RAHUL GANDHI,Nilgiris,INC,0,Post Graduate,"Rs 2,32,74,706","Rs 23,35,000"
372,RAJ KUMARI CHAUHAN,Nizamabad,BSP,0,12th Pass,"Rs 3,40,34,506",Rs 0
373,RAJA A,North East Delhi,DMK,0,Graduate Professional,"Rs 1,42,51,669","Rs 1,66,862"
374,Rajaiah Siricilla,North Goa,INC,0,Graduate,"Rs 42,24,704","Rs 14,61,167"
375,RAJARAM PAL,North West Delhi,INC,0,Graduate Professional,"Rs 44,00,000","Rs 8,38,099"
376,RAJEN GOHAIN,Nowgong,BJP,1,Graduate Professional,"Rs 1,02,10,891","Rs 7,40,165"
377,RAJENDRA AGARWAL,Ongole,BJP,0,Post Graduate,"Rs 21,21,825","Rs 3,15,620"
378,RAJENDRAN C,Osmanabad,ADMK,0,Graduate Professional,"Rs 2,79,66,678",Rs 0
379,RAJENDRASINH GHANSHYAMSINH RANA,Outer Manipur,BJP,0,Graduate Professional,"Rs 55,08,711",Rs 0
380,RAJESH NANDINI SINGH,Palakkad,INC,0,Graduate,"Rs 1,14,75,000","Rs 2,00,000"
381,RAJKUMARI RATNA SINGH,Palamau,INC,5,Graduate,"Rs 67,82,70,725","Rs 10,02,000"
382,RAJNATH SINGH,Palghar,BJP,1,Post Graduate,"Rs 1,49,02,703",Rs 0
383,RAKESH PANDEY,Pali,BSP,3,8th Pass,"Rs 16,40,78,904",Rs 0
384,RAKESH SACHAN,Panchmahal,SP,7,Post Graduate,"Rs 4,09,55,595",Rs 0
385,RAKESH SINGH,Parbhani,BJP,0,Graduate,"Rs 92,31,699","Rs 10,545"
386,RAM CHANDRA DOME,Paschim Champaran,CPM,0,Graduate Professional,"Rs 7,39,396",Rs 0
387,RAM SINGH KASWAN,Pataliputra,BJP,0,Graduate Professional,"Rs 2,74,03,097",Rs 0
388,RAM SUNDAR DAS,Patan,JD(U),0,10th Pass,"Rs 27,96,489","Rs 11,16,705"
389,RAMA DEVI,Pathanamthitta,BJP,5,Graduate Professional,"Rs 6,94,29,234","Rs 8,83,367"
390,RAMAKANT YADAV,Patiala,BJP,11,10th Pass,"Rs 2,44,94,000",Rs 0
391,RAMASHANKAR RAJBHAR,Patna Sahib,BSP,0,Graduate,"Rs 23,05,000",Rs 0
392,RAMASUBBU S,Peddapalle,INC,0,Post Graduate,"Rs 3,47,06,447","Rs 18,07,386"
393,RAMEN DEKA,Perambalur,BJP,0,Graduate,"Rs 75,79,967",Rs 0
394,RAMESH KUMAR,Phulpur,INC,0,10th Pass,"Rs 2,58,45,997","Rs 3,29,812"
395,Ramesh Rathod,Pilibhit,TDP,2,12th Pass,"Rs 34,10,000","Rs 8,15,241"
396,RAMKISHUN,Pollachi,SP,10,Graduate Professional,"Rs 46,72,785",Rs 0
397,RAMSINHBHAI PATALBHAI RATHAVA,Pondicherry,BJP,0,10th Pass,"Rs 1,05,01,785","Rs 66,24,317"
398,RANEE NARAH,Ponnani,INC,1,Graduate,"Rs 5,39,76,290",Rs 0
399,RANJAN PRASAD YADAV,Porbandar,JD(U),1,Doctorate,"Rs 1,53,19,000",Rs 0
400,RATAN SINGH,Pratapgarh,INC,0,Graduate Professional,"Rs 1,19,67,191","Rs 3,35,314"
401,RATNA DE,Pune,AITC,0,Graduate Professional,"Rs 87,30,448",Rs 0
402,RAVINDRA KUMAR PANDEY,Puri,BJP,1,Graduate,"Rs 3,27,22,762","Rs 33,17,725"
403,RAVNEET SINGH,Purnia,INC,0,12th Pass,"Rs 2,18,21,443","Rs 3,00,000"
404,Rudra Madhab Ray,Purulia,BJD,0,Graduate,"Rs 43,87,647","Rs 5,66,588"
405,S Pakkirappa,Purvi Champaran,BJP,1,5th Pass,"Rs 77,36,230",Rs 0
406,S.P.Y.REDDY,Rae bareli,INC,1,Graduate Professional,"Rs 9,28,21,000",Rs 0
407,Sabbam Hari,Raichur,INC,0,12th Pass,"Rs 8,50,32,286","Rs 4,50,000"
408,SACHIN PILOT,Raigad,INC,0,Post Graduate,"Rs 4,64,89,558",Rs 0
409,SADASHIVRAO MANDLIK DADOBA,Raiganj,IND,0,Graduate,"Rs 1,15,52,012",Rs 0
410,SAJJAN SINGH VERMA,Raigarh,INC,0,Post Graduate,"Rs 2,70,42,325","Rs 11,04,525"
411,SAKTI MOHAN MALIK,Rajahmundry,CPM,0,Post Graduate,"Rs 24,15,310","Rs 1,08,000"
412,SALMAN KHURSHEED,Rajampet,INC,0,Post Graduate,"Rs 2,61,40,421","Rs 47,65,556"
413,SAMBASIVA RAO RAYAPATI,Rajgarh,INC,3,Graduate,"Rs 14,71,43,582","Rs 4,52,04,329"
414,SAMEER BHUJBAL,Rajkot,NCP,0,10th Pass,"Rs 6,66,60,039",Rs 0
415,SANDEEP DIKSHIT,Rajmahal,INC,0,Post Graduate,"Rs 1,81,46,428","Rs 19,80,887"
416,Sanjay Bhoi,Rajnandgaon,INC,0,Graduate,"Rs 17,00,000",Rs 0
417,SANJAY BRIJKISHORLAL NIRUPAM,Rajsamand,INC,5,Graduate,"Rs 2,24,17,801","Rs 37,27,000"
418,SANJAY DINA PATIL,Ramanathapuram,NCP,2,Graduate,"Rs 43,23,503",Rs 0
419,SANJAY SINGH CHAUHAN,Rampur,RLD,0,Graduate Professional,"Rs 3,53,52,625","Rs 52,54,245"
420,SANKAR ADHI,Ramtek,DMK,1,Graduate Professional,"Rs 1,78,37,266","Rs 9,86,068"
421,SANSUMA KHUNGGUR BWISWMUTHIARY,Ranaghat,BPF,0,Graduate,"Rs 49,54,903","Rs 4,64,860"
422,SANTOSH CHOWDHARY,Ranchi,INC,0,Graduate Professional,"Rs 2,68,16,253",Rs 0
423,SARIKA SINGH,Ratlam,RLD,0,Post Graduate,"Rs 8,25,272",Rs 0
424,SAROJ PANDEY,Ratnagiri Sindhudurg,BJP,0,Post Graduate,"Rs 3,79,787","Rs 6,67,787"
425,SARVEY SATYANARAYANA,Raver,INC,1,Graduate Professional,"Rs 1,01,12,521","Rs 1,16,848"
426,SATABDI ROY (BANERJEE),Rewa,AITC,0,12th Pass,"Rs 1,31,48,000","Rs 5,26,321"
427,SATPAL MAHARAJ,Robertsganj,INC,0,12th Pass,"Rs 11,21,36,795",Rs 0
428,SAUGATA RAY,Rohtak,AITC,0,Post Graduate,"Rs 39,71,408",Rs 0
429,SEEMA UPADHAYAY,Sabarkantha,BSP,0,Graduate,"Rs 2,65,45,096","Rs 15,95,708"
430,SELJA,Saharanpur,INC,0,Post Graduate,"Rs 4,67,11,386",Rs 0
431,SEMMALAI S,Salem,ADMK,2,Graduate Professional,"Rs 4,62,20,339","Rs 59,000"
432,SHAILENDRA KUMAR,Salempur,SP,0,Graduate,"Rs 2,08,00,327",Rs 0
433,SHARAD YADAV,Samastipur,JD(U),1,Graduate Professional,"Rs 1,41,07,050",Rs 0
434,SHARIEF UD DIN SHARIQ,Sambalpur,JKN,0,Post Graduate,"Rs 1,19,55,000","Rs 13,10,000"
435,Shashi Tharoor,Sambhal,INC,1,Doctorate,"Rs 21,24,42,472",Rs 0
436,SHATRUGHAN SINHA,Sangli,BJP,0,Graduate,"Rs 15,00,33,976","Rs 2,58,78,099"
437,SHEESHRAM OLA,Sangrur,INC,0,10th Pass,"Rs 61,01,621","Rs 1,80,965"
438,SHER SINGH GHUBAYA,Sant Kabir Nagar,SAD,0,10th Pass,"Rs 3,19,69,676","Rs 36,98,744"
439,SHETTI RAJU ALIAS DEVAPPA ANNA,Sasaram,SWP,0,10th Pass,"Rs 22,53,785","Rs 1,04,341"
440,SHIBU SOREN,Satara,JMM,3,10th Pass,"Rs 82,29,419","Rs 72,65,635"
441,SHINDE SUSHILKUMAR SAMBHAJIRAO,Satna,INC,0,Graduate Professional,"Rs 8,60,42,099","Rs 37,00,000"
442,SHIVAKUMAR CHANNABASAPPA UDASI,Secunderabad,BJP,0,Graduate,"Rs 32,33,61,935","Rs 3,38,33,437"
443,Shivaramgouda,Shahdol,BJP,0,Graduate Professional,"Rs 1,45,18,988","Rs 30,78,847"
444,SHIVRAJ BHAIYA,Shahjahanpur,BJP,0,12th Pass,"Rs 89,29,326","Rs 2,86,513"
445,Shri Bishnu Pada Ray,Sheohar,BJP,1,Graduate,"Rs 12,41,034",Rs 0
446,SHRIPAD YESSO NAIK,Shillong,BJP,0,Graduate,"Rs 98,97,462","Rs 9,12,582"
447,SHRUTI CHOUDHRY,Shimla,INC,0,Graduate Professional,"Rs 16,72,66,000","Rs 1,70,00,000"
448,Siddeswara.G.M,Shimoga,BJP,0,10th Pass,"Rs 14,02,48,867","Rs 42,63,675"
449,Sidhant Mohapatra,Shirdi,BJD,0,Post Graduate,"Rs 48,28,474","Rs 1,18,884"
450,SIVAKUMAR @ J.K. RITHEESH. K,Shirur,DMK,2,Graduate,"Rs 12,28,20,653","Rs 40,00,000"
451,SIVASAMI C,Shrawasti,ADMK,3,Post Graduate,"Rs 5,18,92,954",Rs 0
452,SK. NURUL ISLAM,Sidhi,AITC,0,12th Pass,"Rs 11,55,500","Rs 8,07,500"
453,SK. SAIDUL HAQUE,Sikar,CPM,0,Post Graduate,"Rs 24,14,520","Rs 1,28,172"
454,Sohan Potai,Sikkim,BJP,0,Post Graduate,"Rs 82,61,296",Rs 0
455,SOMABHAI GANDABHAI KOLIPATEL,Silchar,INC,0,5th Pass,"Rs 1,86,18,718",Rs 0
456,SOMENDRA NATH MITRA,Singhbhum,AITC,0,Graduate Professional,"Rs 1,47,30,832","Rs 1,57,500"
457,SONAWANE PRATAP NARAYANRAO,Sirsa,BJP,0,Graduate Professional,"Rs 14,21,57,029","Rs 65,81,693"
458,SONIA GANDHI,Sitamarhi,INC,0,Others,"Rs 1,37,94,768",Rs 0
459,SRI PABAN SINGH GHATOWAR,Sitapur,INC,0,Graduate,"Rs 97,97,014",Rs 0
460,SRI PRAKASH JAISWAL,Sivaganga,INC,0,12th Pass,"Rs 3,07,67,980",Rs 0
461,Srikanta Kumar Jena,Siwan,INC,0,Graduate,"Rs 59,79,551","Rs 8,62,820"
462,SUBHASH BAPURAO WANKHEDE,Solapur,SHS,4,10th Pass,"Rs 34,88,000","Rs 4,84,000"
463,SUBODH KANT SAHAY,Sonipat,INC,1,Graduate,"Rs 2,71,79,918",Rs 0
464,SUCHARU RANJAN HALDAR,South Delhi,AITC,0,Post Graduate,"Rs 1,08,82,896",Rs 0
465,Sudershan Bhagat,South Goa,BJP,0,Graduate,"Rs 30,93,207","Rs 2,36,750"
466,Sudini Jaipal Reddy,Sreerampur,INC,0,Post Graduate,"Rs 5,61,50,333","Rs 20,42,919"
467,SUDIP BANDYOPADHYAY,Srikakulam,AITC,0,Graduate,"Rs 41,87,479","Rs 1,96,283"
468,SUGAVANAM. E.G.,Srinagar,DMK,3,12th Pass,"Rs 1,69,74,157","Rs 5,00,000"
469,SUGUMAR.K,Sriperumbudur,ADMK,0,Graduate,"Rs 2,13,20,000","Rs 1,91,027"
470,SUKHDEV SINGH,Sultanpur,INC,0,10th Pass,"Rs 1,70,83,247",Rs 0
471,SULTAN AHMED,Sundargarh,AITC,0,Graduate,"Rs 60,26,230","Rs 36,00,555"
472,SUMITRA MAHAJAN (TAI),Supaul,BJP,0,Post Graduate,"Rs 79,74,006","Rs 44,29,400"
473,SUPRIYA SULE,Surat,NCP,0,Graduate,"Rs 51,53,63,663",Rs 0
474,SURENDRA SINGH NAGAR,Surendranagar,BSP,2,Graduate,"Rs 49,20,84,300",Rs 0
475,SURESH KUMAR SHETKAR,Tamluk,INC,0,Graduate,"Rs 30,11,999",Rs 0
476,Sushil Kumar Singh,Tehri Garhwal,JD(U),4,Post Graduate,"Rs 2,08,87,871","Rs 7,41,199"
477,SUSHILA SAROJ,Tenkasi,SP,0,Post Graduate,"Rs 2,86,80,230","Rs 24,52,429"
478,SUSHMA SWARAJ,Tezpur,BJP,0,Graduate Professional,"Rs 7,35,82,637","Rs 58,250"
479,Susmita Bauri,Thane,CPM,0,Graduate Professional,"Rs 10,78,000","Rs 1,74,660"
480,SYED SHAHNAWAZ HUSSAIN,Thanjavur,BJP,0,10th Pass,"Rs 74,72,000","Rs 1,01,000"
481,TABASSUM BEGAM,Theni,BSP,0,10th Pass,"Rs 1,16,67,328",Rs 0
482,TAKAM SANJOY,Thiruvananthapuram,INC,0,Graduate,"Rs 2,41,37,021",Rs 0
483,TAMBIDURAI.M,Thoothukkudi,ADMK,2,Doctorate,"Rs 9,37,50,227",Rs 0
484,TAPAS PAUL,Thrissur,AITC,5,Graduate,"Rs 96,14,227",Rs 0
485,Tara chand,Tikamgarh,INC,0,Post Graduate,"Rs 65,18,752","Rs 11,22,163"
486,Tathagata Satpathy,Tiruchirappalli,BJD,13,12th Pass,"Rs 55,15,930",Rs 0
487,TAWARE SURESH KASHINATH,Tirunelveli,INC,0,Graduate,"Rs 10,90,39,952","Rs 12,50,000"
488,THAMARAISELVAN. R,Tirupati,DMK,0,Graduate Professional,"Rs 38,67,546","Rs 4,60,146"
489,THANGSO BAITE,Tiruppur,INC,0,Post Graduate,"Rs 17,78,418","Rs 8,80,000"
490,"THIRUMAAVALAVAN, THOL",Tiruvallur,VCK,2,Post Graduate,"Rs 23,47,700","Rs 8,81,000"
491,TUFANI SAROJ,Tiruvannamalai,SP,0,Graduate,"Rs 53,36,133",Rs 0
492,UDAY PRATAP SINGH,Tripura East,INC,0,Graduate,"Rs 3,99,06,000","Rs 13,74,065"
493,UDAY SINGH ALIAS PAPPU SINGH,Tripura West,BJP,2,12th Pass,"Rs 41,91,30,669","Rs 14,10,120"
494,Uma Shanaker Singh,Tumkur,RJD,2,10th Pass,"Rs 1,01,45,601","Rs 4,50,000"
495,USHA VERMA,Tura,SP,0,Post Graduate,"Rs 1,01,11,699","Rs 5,00,000"
496,V Arun Kumar,Udaipur,INC,2,Graduate Professional,"Rs 1,30,73,077","Rs 9,79,680"
497,V. Kishore Chandra Deo,Udhampur,INC,0,Post Graduate,"Rs 24,74,10,000",Rs 0
498,VENUGOPAL.D,Udupi Chikmagalur,DMK,0,Others,"Rs 5,70,10,000","Rs 15,38,546"
499,VENUGOPAL.P,Ujiarpur,ADMK,0,Graduate Professional,"Rs 20,74,236","Rs 3,50,000"
500,VENUGOPALA REDDY MODUGULA,Ujjain,TDP,2,Graduate Professional,"Rs 2,74,93,309","Rs 51,964"
501,VIJAY BAHADUR SINGH,Uluberia,BSP,0,Graduate Professional,"Rs 4,29,56,873","Rs 6,23,689"
502,VIJAY BAHUGUNA,Unnao,INC,0,Graduate Professional,"Rs 1,35,01,773",Rs 0
503,VIJAY INDER SINGLA,Uttara Kannada,INC,0,12th Pass,"Rs 3,47,77,859","Rs 3,74,957"
504,VIJAYA SHANTHI .M,Vadakara,TRS,0,10th Pass,"Rs 27,10,66,905",Rs 0
505,VIJAYAN A K S,Vadodara,DMK,0,12th Pass,"Rs 72,05,000","Rs 11,27,000"
506,VIKRAMBHAI ARJANBHAI MADAM,Vaishali,INC,0,Graduate,"Rs 1,55,90,109","Rs 4,00,000"
507,VINAY KUMAR ALIAS VINNU,Valmiki Nagar,INC,4,Doctorate,"Rs 1,57,43,200","Rs 5,89,157"
508,VINCENT H PALA,Valsad,INC,0,Graduate Professional,"Rs 25,16,18,190",Rs 0
509,VIRBHADRA SINGH,Varanasi,INC,0,Post Graduate,"Rs 22,52,28,748","Rs 6,28,864"
510,VIRENDER KASHYAP,Vellore,BJP,0,Post Graduate,"Rs 34,34,928",Rs 0
511,VIRENDRA KUMAR,Vidisha,BJP,0,Doctorate,"Rs 25,51,466",Rs 0
512,Vishu Deo Sai,Vijayawada,BJP,0,10th Pass,"Rs 23,02,000",Rs 0
513,VISHWA MOHAN KUMAR,Viluppuram,JD(U),0,Post Graduate,"Rs 66,89,616","Rs 4,40,179"
514,VISWANATHAN.P,Virudhunagar,INC,0,Graduate,"Rs 56,85,495","Rs 22,46,494"
515,VITTHALBHAI HANSRAJBHAI RADADIYA,Visakhapatnam,INC,16,Graduate,"Rs 2,06,75,722",Rs 0
516,WAKCHOURE BHAUSAHEB RAJARAM,Vizianagaram,SHS,0,Post Graduate,"Rs 1,78,60,515","Rs 24,27,069"
517,WASNIK MUKUL BALKRISHNA,Warangal,INC,1,Post Graduate,"Rs 31,11,932",Rs 0
518,Y.S. Jagan Mohan Reddy,Wardha,INC,0,Graduate,"Rs 72,81,51,658","Rs 6,63,96,966"
519,Yashbanta Narayan Singh Laguri,Wayanad,BJD,6,Graduate,"Rs 5,75,000","Rs 1,50,00,000"
520,YASHVIR SINGH,West Delhi,SP,1,12th Pass,"Rs 7,84,562",Rs 0
521,YASHWANT SINHA,Yavatmal-Washim,BJP,1,Post Graduate,"Rs 3,65,76,217",Rs 0
522,ZAFAR ALI NAQVI,Zahirabad,INC,0,Graduate Professional,"Rs 39,79,881",Rs 0
