 #    ,PC Name,No,Type,State,Winning Candidate,Party,Electors,Votes,Turnout,Margin,Margin %
1,Adilabad,35,GEN,Andhra Pradesh,Madhusudhan Reddy Takkala,Telangana Rashtra Samithi,"11,40,834","8,30,601",72.80%,"40,974",4.90%
2,Adoor,17,GEN,Kerala,Chengara Surendran,Communist Party Of India,"9,60,122","6,82,227",71.10%,"54,534",8.00%
3,Agra,69,GEN,Uttar Pradesh [2000 Onwards],Raj Babbar,Samajwadi Party,"14,30,713","6,42,675",44.90%,"57,342",8.90%
4,Ahmedabad,10,GEN,Gujarat,Harin Pathak,Bharatiya Janta Party,"13,82,793","5,48,391",39.70%,"77,605",14.20%
5,Ahmednagar,39,GEN,Maharashtra,Gadakh Tukaram Gangadhar,Nationalist Congress Party,"12,95,593","6,86,554",53.00%,"75,077",10.90%
6,Ajmer,12,GEN,Rajasthan,Rasa Singh Rawat,Bharatiya Janta Party,"12,03,803","5,29,138",44.00%,"1,27,976",24.20%
7,Akbarpur,23,GEN,Uttar Pradesh [2000 Onwards],Maya Wati,Bahujan Samaj Party,"14,46,088","7,41,543",51.30%,"58,269",7.90%
8,Akola,19,GEN,Maharashtra,Dhotre Sanjay Shamrao,Bharatiya Janta Party,"12,71,055","7,34,524",57.80%,"1,06,371",14.50%
9,Aligarh,72,GEN,Uttar Pradesh [2000 Onwards],Bijendra Singh,Indian National Congress,"13,41,254","6,33,500",47.20%,"2,791",0.40%
10,Alipurduars,2,ST,West Bengal,Joachim Baxla,Revolutionary Socialist Party,"10,45,042","8,37,257",80.10%,"1,45,124",17.30%
11,Allahabad,52,GEN,Uttar Pradesh [2000 Onwards],Raman Singh,Samajwadi Party,"15,58,094","6,56,450",42.10%,"28,383",4.30%
12,Alleppey,15,GEN,Kerala,Dr. K. S. Manoj,Communist Party Of India (MARXIST),"9,71,154","7,28,156",75.00%,"1,009",0.10%
13,Almora,3,SC,Uttarakhand,Bachi Singh Rawat,Bharatiya Janta Party,"10,12,756","5,04,756",49.80%,"10,052",2.00%
14,Alwar,8,GEN,Rajasthan,Dr. Karan Singh Yadav,Indian National Congress,"12,62,622","5,40,451",42.80%,"8,371",1.50%
15,Amalapuram,9,SC,Andhra Pradesh,G.V. Harsha Kumar,Indian National Congress,"9,04,207","7,02,715",77.70%,"41,485",5.90%
16,Ambala,1,SC,Haryana,Selja,Indian National Congress,"11,99,338","8,47,673",70.70%,"2,34,935",27.70%
17,Amethi,21,GEN,Uttar Pradesh [2000 Onwards],Rahul Gandhi,Indian National Congress,"13,24,991","5,89,559",44.50%,"2,90,853",49.30%
18,Amravati,21,GEN,Maharashtra,Anant Gudhe,Shiv Sena,"12,04,881","6,75,653",56.10%,"14,234",2.10%
19,Amreli,7,GEN,Gujarat,Nilaben Virjibhai Thummar,Indian National Congress,"10,25,515","4,75,548",46.40%,"2,030",0.40%
20,Amritsar,2,GEN,Punjab,Navjot Singh Sidhu,Bharatiya Janta Party,"12,92,902","7,11,808",55.10%,"1,09,532",15.40%
21,Amroha,2,GEN,Uttar Pradesh [2000 Onwards],Harish Nagpal,Independent,"13,42,541","8,85,155",65.90%,"17,884",2.00%
22,Anakapalli,6,GEN,Andhra Pradesh,Chalapathirao Pappala,Telugu Desam,"10,23,113","7,81,746",76.40%,"15,414",2.00%
23,Anand,20,GEN,Gujarat,Solanki Bharatsinh Madhavsinh,Indian National Congress,"11,45,550","5,91,698",51.70%,"61,085",10.30%
24,Anantapur,25,GEN,Andhra Pradesh,Anantha Venkata Rami Reddy,Indian National Congress,"12,80,923","8,73,370",68.20%,"73,404",8.40%
25,Anantnag,3,GEN,Jammu & Kashmir,Mehbooba Mufti,Jammu & Kashmir Peoples Democratic Party,"9,98,905","1,46,632",14.70%,"38,938",26.60%
26,Andaman & Nicobar Islands,1,GEN,Andaman & Nicobar Islands,Manoranjan Bhakta,Indian National Congress,"2,41,645","1,53,804",63.70%,"30,500",19.80%
27,Aonla,7,GEN,Uttar Pradesh [2000 Onwards],Kunwar Sarvraj Singh,Janata Dal (United),"11,45,865","5,36,458",46.80%,"6,871",1.30%
28,Arakkonam,6,SC,Tamil Nadu,"Velu, R.",Pattali Makkal Katchi,"11,60,259","7,73,529",66.70%,"1,02,196",13.20%
29,Arambagh,28,GEN,West Bengal,Anil Basu,Communist Party Of India (MARXIST),"11,87,610","9,61,186",80.90%,"5,92,502",61.60%
30,Araria,22,GEN,Bihar [2000 Onwards],Sukdeo Paswan,Bharatiya Janta Party,"11,84,962","6,52,439",55.10%,"27,744",4.30%
31,Arrah,33,GEN,Bihar [2000 Onwards],Kanti Singh,Rashtriya Janata Dal,"13,60,794","7,87,780",57.90%,"1,49,743",19.00%
32,Arunachal East,2,GEN,Arunachal Pradesh,Tapir Gao,Bharatiya Janta Party,"2,89,606","1,62,704",56.20%,"44,994",27.70%
33,Arunachal West,1,GEN,Arunachal Pradesh,Kiren Rijiju,Bharatiya Janta Party,"3,94,428","2,20,618",55.90%,"47,424",21.50%
34,Asansol,38,SC,West Bengal,Bikash Chowdhury,Communist Party Of India (MARXIST),"10,92,141","7,24,790",66.40%,"1,24,318",17.20%
35,Aska,10,GEN,Orissa,Hari Har Swain,Biju Janata Dal,"12,54,942","6,82,598",54.40%,"1,32,602",19.40%
36,Aurangabad,33,GEN,Maharashtra,Chandrakant Khaire,Shiv Sena,"16,36,117","9,11,532",55.70%,"1,21,923",13.40%
37,Aurangabad,37,GEN,Bihar [2000 Onwards],Nikhil Kumar,Indian National Congress,"14,01,973","7,67,159",54.70%,"7,460",1.00%
38,Autonomous District,3,ST,Assam,Biren Singh Engti,Indian National Congress,"5,79,284","4,01,612",69.30%,"24,129",6.00%
39,Azamgarh,41,SC,Uttar Pradesh [2000 Onwards],Ramakant Yadav,Bahujan Samaj Party,"14,25,023","7,11,356",49.90%,"6,968",1.00%
40,Badagara,3,GEN,Kerala,P. Satheedevi,Communist Party Of India (MARXIST),"10,92,826","8,26,054",75.60%,"1,30,589",15.80%
41,Bagaha,1,GEN,Bihar [2000 Onwards],Kailash Baitha,Janata Dal (United),"11,60,275","5,70,814",49.20%,"65,375",11.50%
42,Bagalkot,27,GEN,Karnataka,Gaddigoudar Parvatagouda Chandanagouda,Bharatiya Janta Party,"13,24,829","8,66,238",65.40%,"1,67,383",19.30%
43,Baghpat,77,GEN,Uttar Pradesh [2000 Onwards],Ajit Singh,Rashtriya Lok Dal,"15,70,374","6,56,864",41.80%,"2,20,638",33.60%
44,Bahraich,27,SC,Uttar Pradesh [2000 Onwards],Rubab Sayeda,Samajwadi Party,"14,23,646","5,49,535",38.60%,"26,334",4.80%
45,Balaghat,12,ST,Madhya Pradesh [2000 Onwards],Gauri Shankar Chaturbhuj Bisen,Bharatiya Janta Party,"10,00,341","6,08,869",60.90%,"88,089",14.50%
46,Balasore,2,ST,Orissa,Mahamegha Bahan Aira Kharbela Swain,Bharatiya Janta Party,"13,30,406","9,48,450",71.30%,"2,36,955",25.00%
47,Balia,19,GEN,Bihar [2000 Onwards],Suraj Singh,Lok Jan Shakti Party,"11,81,597","6,32,330",53.50%,"76,227",12.10%
48,Ballia,39,GEN,Uttar Pradesh [2000 Onwards],Chandra Shekhar,Samajwadi Janata Party (RASHTRIYA),"14,30,300","6,19,531",43.30%,"81,054",13.10%
49,Balrampur,28,GEN,Uttar Pradesh [2000 Onwards],Brij Bhushan Sharan Singh,Bharatiya Janta Party,"13,16,006","6,98,106",53.10%,"52,613",7.50%
50,Balurghat,6,GEN,West Bengal,Ranen Barman,Revolutionary Socialist Party,"11,29,369","9,20,808",81.50%,"71,146",7.70%
51,Banaskantha,14,GEN,Gujarat,Chavda Harisinhaji Pratapsinhaji,Indian National Congress,"13,11,847","6,42,570",49.00%,"6,928",1.10%
52,Banda,55,GEN,Uttar Pradesh [2000 Onwards],Shyama Charan Gupt,Samajwadi Party,"12,83,915","5,26,286",41.00%,"56,304",10.70%
53,Bangalore North,12,GEN,Karnataka,Dr. H.T. Sangliana,Bharatiya Janta Party,"21,33,579","11,57,337",54.20%,"30,358",2.60%
54,Bangalore South,13,GEN,Karnataka,Ananth Kumar,Bharatiya Janta Party,"16,20,352","8,00,632",49.40%,"62,271",7.80%
55,Banka,26,GEN,Bihar [2000 Onwards],Giridhari Yadav,Rashtriya Janata Dal,"12,13,614","7,13,888",58.80%,"4,669",0.70%
56,Bankura,35,GEN,West Bengal,Acharia Basudeb,Communist Party Of India (MARXIST),"10,20,046","6,91,958",67.80%,"2,30,329",33.30%
57,Bansgaon,33,GEN,Uttar Pradesh [2000 Onwards],Mahaveer Prasad,Indian National Congress,"14,41,224","6,32,098",43.90%,"16,441",2.60%
58,Banswara,16,GEN,Rajasthan,Dhan Singh Rawat,Bharatiya Janta Party,"13,73,808","6,65,376",48.40%,"21,683",3.30%
59,Bapatla,16,GEN,Andhra Pradesh,Daggubati Purandareswari,Indian National Congress,"9,48,929","7,33,677",77.30%,"94,082",12.80%
60,Bara Banki,25,GEN,Uttar Pradesh [2000 Onwards],Kamla Prasad,Bahujan Samaj Party,"12,14,993","5,40,219",44.50%,"20,922",3.90%
61,Baramati,43,GEN,Maharashtra,Pawar Sharadchandra Govindrao,Nationalist Congress Party,"18,46,635","8,92,726",48.30%,"4,22,975",47.40%
62,Baramulla,1,GEN,Jammu & Kashmir,Abdul Rashid Shaheen,Jammu & Kashmir National Conference,"9,40,998","3,34,122",35.50%,"9,895",3.00%
63,Barasat,13,SC,West Bengal,Subrata Bose,All India Forward Bloc,"13,88,017","11,48,662",82.80%,"12,160",1.10%
64,Bareilly,8,GEN,Uttar Pradesh [2000 Onwards],Santosh Gangwar,Bharatiya Janta Party,"15,56,024","8,22,839",52.90%,"59,644",7.20%
65,Barh,18,GEN,Bihar [2000 Onwards],Vijay Krishna,Rashtriya Janata Dal,"12,42,851","8,64,069",69.50%,"37,688",4.40%
66,Barmer,23,GEN,Rajasthan,Manvendra Singh,Bharatiya Janta Party,"16,39,188","10,46,857",63.90%,"2,71,888",26.00%
67,Baroda,22,GEN,Gujarat,Jayaben Thakkar,Bharatiya Janta Party,"16,56,867","6,51,977",39.40%,"6,603",1.00%
68,Barpeta,6,GEN,Assam,A. F. Golam Osmani,Indian National Congress,"10,75,749","7,62,614",70.90%,"68,125",8.90%
69,Barrackpore,19,SC,West Bengal,Tarit Baran Topdar,Communist Party Of India (MARXIST),"9,81,008","7,92,471",80.80%,"1,65,071",20.80%
70,Basirhat,14,SC,West Bengal,Ajay Chakraborty,Communist Party Of India,"11,07,129","9,06,003",81.80%,"1,82,084",20.10%
71,Bastar,9,GEN,Chhattisgarh,Baliram Kashyap,Bharatiya Janta Party,"10,39,442","4,50,417",43.30%,"54,373",12.10%
72,Basti,30,GEN,Uttar Pradesh [2000 Onwards],Lal Mani Prasad,Bahujan Samaj Party,"14,16,526","5,76,389",40.70%,"25,374",4.40%
73,Bayana,10,SC,Rajasthan,Ramswaroop Koli,Bharatiya Janta Party,"11,97,119","4,89,456",40.90%,"59,624",12.20%
74,Beed,34,GEN,Maharashtra,Jaisingrao Gaikwad Patil,Nationalist Congress Party,"13,19,891","8,82,532",66.90%,"47,412",5.40%
75,Begusarai,30,GEN,Bihar [2000 Onwards],Rajiv Ranjan Singh,Janata Dal (United),"12,80,963","6,78,647",53.00%,"20,491",3.00%
76,Belgaum,25,GEN,Karnataka,Angadi Suresh Chanabasappa,Bharatiya Janta Party,"13,54,182","8,92,332",65.90%,"84,753",9.50%
77,Bellary,5,SC,Karnataka,G. Karunakara Reddy,Bharatiya Janta Party,"14,23,161","9,49,652",66.70%,"31,679",3.30%
78,Berhampore,10,GEN,West Bengal,Adhir Ranjan Chowdhury,Indian National Congress,"12,20,502","9,87,380",80.90%,"98,901",10.00%
79,Berhampur,11,GEN,Orissa,Chandra Sekhar Sahu,Indian National Congress,"11,95,391","7,19,853",60.20%,"51,657",7.20%
80,Bettiah,2,GEN,Bihar [2000 Onwards],Raghunath Jha,Rashtriya Janata Dal,"12,78,163","5,69,868",44.60%,"24,671",4.30%
81,Betul,17,GEN,Madhya Pradesh [2000 Onwards],Khandelwal Vijay Kumar (MUNNI BHAIA),Bharatiya Janta Party,"11,22,830","5,47,321",48.70%,"1,57,540",28.80%
82,Bhadrachalam,5,ST,Andhra Pradesh,Midiyam Babu Rao,Communist Party Of India (MARXIST),"11,93,297","8,22,860",69.00%,"53,806",6.50%
83,Bhadrak,3,GEN,Orissa,Arjun Charan Sethi,Biju Janata Dal,"13,50,755","9,31,990",69.00%,"94,769",10.20%
84,Bhagalpur,27,GEN,Bihar [2000 Onwards],Sushil Kumar Modi,Bharatiya Janta Party,"13,88,037","7,57,266",54.60%,"1,17,853",15.60%
85,Bhandara,24,GEN,Maharashtra,Patle Shishupal Natthu,Bharatiya Janta Party,"10,06,061","6,79,727",67.60%,"3,009",0.40%
86,Bharatpur,9,SC,Rajasthan,Vishvendra Singh,Bharatiya Janta Party,"11,89,295","5,75,896",48.40%,"1,11,349",19.30%
87,Bhatinda,11,GEN,Punjab,Paramjit Kaur Gulshan,Shiromani Akali Dal,"12,85,978","7,63,164",59.40%,"62,642",8.20%
88,Bhavnagar,8,SC,Gujarat,Rana Rajendrasinh Ghanashyamsinh (RAJUBHAI RANA),Bharatiya Janta Party,"12,36,416","4,44,803",36.00%,"80,426",18.10%
89,Bhilwara,20,ST,Rajasthan,Vijayendrapal Singh,Bharatiya Janta Party,"12,33,703","6,18,965",50.20%,"60,652",9.80%
90,Bhind,2,SC,Madhya Pradesh [2000 Onwards],Dr. Ramlakhan Singh,Bharatiya Janta Party,"13,88,299","6,06,013",43.70%,"6,946",1.10%
91,Bhiwani,8,GEN,Haryana,Kuldeep Bishnoi,Indian National Congress,"11,92,271","8,70,670",73.00%,"24,404",2.80%
92,Bhopal,19,GEN,Madhya Pradesh [2000 Onwards],Kailash Joshi,Bharatiya Janta Party,"18,47,544","8,57,893",46.40%,"3,06,005",35.70%
93,Bhubaneswar,9,GEN,Orissa,Prasanna Kumar Patasani,Biju Janata Dal,"14,91,536","8,53,667",57.20%,"1,12,279",13.20%
94,Bidar,1,GEN,Karnataka,Ramchandra Veerappa,Bharatiya Janta Party,"13,72,985","8,14,933",59.40%,"23,621",2.90%
95,Bijapur,28,SC,Karnataka,Basanagouda R Patil(YATNAL),Bharatiya Janta Party,"13,28,325","7,88,537",59.40%,"37,533",4.80%
96,Bijnor,1,GEN,Uttar Pradesh [2000 Onwards],Munshiram S/o Sri Ramcharan Singh,Rashtriya Lok Dal,"13,55,437","7,05,729",52.10%,"80,175",11.40%
97,Bikaner,2,SC,Rajasthan,Dharmendra,Bharatiya Janta Party,"19,00,686","10,75,059",56.60%,"57,175",5.30%
98,Bikramganj,36,GEN,Bihar [2000 Onwards],Ajit Kumar Singh,Janata Dal (United),"12,98,849","7,33,925",56.50%,"58,801",8.00%
99,Bilaspur,4,GEN,Chhattisgarh,Punnulal Mohle,Bharatiya Janta Party,"14,11,786","6,21,304",44.00%,"81,553",13.10%
100,Bilhaur,60,GEN,Uttar Pradesh [2000 Onwards],Raja Ram Pal,Bahujan Samaj Party,"13,69,589","6,41,369",46.80%,"24,402",3.80%
101,Birbhum,42,GEN,West Bengal,Ram Chandra Dome,Communist Party Of India (MARXIST),"10,29,870","7,21,560",70.10%,"1,91,612",26.60%
102,Bobbili,3,GEN,Andhra Pradesh,Kondapalli Pydithalli Naidu,Telugu Desam,"9,76,012","7,45,517",76.40%,"31,348",4.20%
103,Bolangir,16,SC,Orissa,Sangeeta Kumari Singh Deo,Bharatiya Janta Party,"10,99,775","7,28,372",66.20%,"1,00,682",13.80%
104,Bolpur,41,SC,West Bengal,Somnath Chatterjee,Communist Party Of India (MARXIST),"10,35,012","7,67,695",74.20%,"3,10,305",40.40%
105,Broach,23,ST,Gujarat,Vasava Mansukhbhai Dhanjibhai,Bharatiya Janta Party,"12,39,670","6,80,519",54.90%,"72,202",10.60%
106,Budaun,6,GEN,Uttar Pradesh [2000 Onwards],Saleem Iqbal Shervani,Samajwadi Party,"12,00,435","5,90,006",49.20%,"51,322",8.70%
107,Bulandshahr,74,SC,Uttar Pradesh [2000 Onwards],Kalyan Singh,Bharatiya Janta Party,"12,26,141","6,85,228",55.90%,"16,651",2.40%
108,Buldhana,18,GEN,Maharashtra,Adsul Anandrao Vithoba,Shiv Sena,"11,96,627","7,60,202",63.50%,"59,907",7.90%
109,Bulsar,26,ST,Gujarat,Kishanbhai Vestabhai Patel,Indian National Congress,"13,19,778","6,89,966",52.30%,"44,486",6.40%
110,Burdwan,39,GEN,West Bengal,Nikhilananda Sar,Communist Party Of India (MARXIST),"12,21,820","9,94,003",81.40%,"4,71,351",47.40%
111,Buxar,34,SC,Bihar [2000 Onwards],Lalmuni Chaubey,Bharatiya Janta Party,"12,22,441","6,49,116",53.10%,"54,866",8.50%
112,Calcutta North East,22,GEN,West Bengal,Md. Salim,Communist Party Of India (MARXIST),"8,03,853","5,67,774",70.60%,"73,780",13.00%
113,Calcutta North West,21,GEN,West Bengal,Sudhangshu Seal,Communist Party Of India (MARXIST),"6,09,204","3,59,642",59.00%,"43,004",12.00%
114,Calcutta South,23,GEN,West Bengal,Mamata Banerjee,All India Trinamool Congress,"10,96,709","7,70,828",70.30%,"98,429",12.80%
115,Calicut,4,GEN,Kerala,M. P. Veerendra Kumar,Janata Dal (Secular),"11,10,149","7,79,220",70.20%,"65,326",8.40%
116,Cannanore,2,GEN,Kerala,A. P. Abdullakutty,Communist Party Of India (MARXIST),"10,88,892","8,58,386",78.80%,"83,849",9.80%
117,Chail,53,SC,Uttar Pradesh [2000 Onwards],Shailendra Kumar,Samajwadi Party,"14,84,115","5,55,332",37.40%,630,0.10%
118,Chamarajanagar,15,GEN,Karnataka,M. Shivanna,Janata Dal (Secular),"11,89,973","8,52,745",71.70%,"43,989",5.20%
119,Chandauli,47,GEN,Uttar Pradesh [2000 Onwards],Kailash Nath Singh Yadav,Bahujan Samaj Party,"15,80,853","7,04,386",44.60%,"1,669",0.20%
120,Chandigarh,1,GEN,Chandigarh,Pawan Kumar Bansal,Indian National Congress,"5,27,684","2,69,818",51.10%,"45,248",16.80%
121,Chandni Chowk,5,SC,Delhi [1977 Onwards],Kapil Sibal,Indian National Congress,"3,37,462","1,79,003",53.00%,"79,415",44.40%
122,Chandrapur,26,GEN,Maharashtra,Ahir Hansraj Gangaram,Bharatiya Janta Party,"13,29,746","8,40,271",63.20%,"59,823",7.10%
123,Chapra,7,GEN,Bihar [2000 Onwards],Lalu Prasad,Rashtriya Janata Dal,"11,64,917","4,46,031",38.30%,"60,423",13.50%
124,Chatra,4,GEN,Jharkhand,Dhirendra Agarwal,Rashtriya Janata Dal,"9,78,364","4,35,488",44.50%,"18,855",4.30%
125,Chengalpattu,5,GEN,Tamil Nadu,"Moorthy, A.K.",Pattali Makkal Katchi,"11,67,736","7,57,406",64.90%,"1,48,724",19.60%
126,Chhindwara,16,GEN,Madhya Pradesh [2000 Onwards],Kamal Nath,Indian National Congress,"11,45,107","7,52,439",65.70%,"63,708",8.50%
127,Chhota Udaipur,21,ST,Gujarat,Naranbhai Rathwa,Indian National Congress,"10,65,416","5,56,493",52.20%,"36,239",6.50%
128,Chidambaram,12,GEN,Tamil Nadu,"Ponnuswamy, E.",Pattali Makkal Katchi,"11,25,487","7,41,925",65.90%,"87,651",11.80%
129,Chikballapur,9,ST,Karnataka,R.L. Jalappa,Indian National Congress,"13,14,311","9,29,379",70.70%,"60,022",6.50%
130,Chikkodi,26,GEN,Karnataka,Jigajinagi Ramesh Chandappa,Bharatiya Janta Party,"11,84,275","8,36,452",70.60%,"43,492",5.20%
131,Chikmagalur,20,GEN,Karnataka,D. C. Srikantappa,Bharatiya Janta Party,"11,21,327","8,17,048",72.90%,"73,672",9.00%
132,Chimur,25,GEN,Maharashtra,Shivankar Mahadeorao Sukaji,Bharatiya Janta Party,"11,13,832","7,74,672",69.60%,"98,774",12.80%
133,Chirayinkil,19,GEN,Kerala,Varkala Radhakrishnan,Communist Party Of India (MARXIST),"10,20,604","6,68,280",65.50%,"50,745",7.60%
134,Chitradurga,7,GEN,Karnataka,N.Y. Hanumanthappa,Indian National Congress,"13,16,427","9,17,046",69.70%,"37,460",4.10%
135,Chittoor,21,GEN,Andhra Pradesh,D.K. Audikesavulu,Telugu Desam,"11,70,325","8,74,425",74.70%,"62,138",7.10%
136,Chittorgarh,19,ST,Rajasthan,Shrichand Kriplani,Bharatiya Janta Party,"13,85,950","6,70,995",48.40%,"1,35,770",20.20%
137,Churu,3,GEN,Rajasthan,Ramsingh Kaswan,Bharatiya Janta Party,"13,71,821","8,32,555",60.70%,"29,854",3.60%
138,Coimbatore,20,GEN,Tamil Nadu,"Subbarayan, K.",Communist Party Of India,"15,84,223","8,77,688",55.40%,"1,64,505",18.70%
139,Contai,31,GEN,West Bengal,Prasanta Pradhan,Communist Party Of India (MARXIST),"10,81,102","9,21,634",85.30%,"59,190",6.40%
140,Cooch Behar,1,SC,West Bengal,Hiten Barman,All India Forward Bloc,"11,48,934","9,47,381",82.50%,"2,26,569",23.90%
141,Cuddalore,11,GEN,Tamil Nadu,Venkatapathy. K,Dravida Munetra Kazhagam,"12,06,876","7,58,178",62.80%,"1,31,352",17.30%
142,Cuddapah,23,GEN,Andhra Pradesh,Y.S. Vivekananda Reddy,Indian National Congress,"11,43,505","8,14,047",71.20%,"1,31,674",16.20%
143,Cuttack,6,GEN,Orissa,Bhartruhari Mahtab,Biju Janata Dal,"12,36,228","8,20,082",66.30%,"1,73,198",21.10%
144,Dadra & Nagar Haveli,1,GEN,Dadra & Nagar Haveli,Delkar Mohanbhai Sanjibhai,Bharatiya Navshakti Party,"1,22,681","84,699",69.00%,"12,893",15.20%
145,Dahanu,11,GEN,Maharashtra,Shingada Damodar Barku,Indian National Congress,"16,05,119","6,83,263",42.60%,"63,363",9.30%
146,Dahod,17,GEN,Gujarat,Katara Babubhai Khimabhai,Bharatiya Janta Party,"12,12,453","5,17,809",42.70%,361,0.10%
147,Daman And Diu,1,GEN,Daman & Diu,Patel Dahyabhai Vallabhbhai,Indian National Congress,"79,232","55,590",70.20%,607,1.10%
148,Damoh,7,GEN,Madhya Pradesh [2000 Onwards],Chandrabhan Bhaiya,Bharatiya Janta Party,"13,98,539","5,91,038",42.30%,"94,595",16.00%
149,Darbhanga,15,GEN,Bihar [2000 Onwards],Md. Ali Ashraf Fatmi,Rashtriya Janata Dal,"12,02,456","7,64,102",63.60%,"1,43,463",18.80%
150,Darjeeling,4,GEN,West Bengal,Dawa Narbula,Indian National Congress,"12,49,238","8,86,298",71.00%,"1,01,416",11.40%
151,Dausa,7,GEN,Rajasthan,Sachin Pilot,Indian National Congress,"14,62,752","7,15,613",48.90%,"1,14,865",16.10%
152,Davangere,6,ST,Karnataka,G.M. Siddeswara,Bharatiya Janta Party,"13,32,608","9,08,840",68.20%,"32,676",3.60%
153,Delhi Sadar,6,GEN,Delhi [1977 Onwards],Jagdish Tytler,Indian National Congress,"4,71,813","2,71,552",57.60%,"15,974",5.90%
154,Deogarh,18,GEN,Orissa,Dharmendra Pradhan,Bharatiya Janta Party,"12,19,887","8,23,184",67.50%,"79,096",9.60%
155,Deoria,37,GEN,Uttar Pradesh [2000 Onwards],Mohan Singh,Samajwadi Party,"15,69,719","7,30,406",46.50%,"52,226",7.20%
156,Dhanbad,7,GEN,Jharkhand,Chandra Shekhar Dubey,Indian National Congress,"17,49,456","9,41,715",53.80%,"1,19,378",12.70%
157,Dhandhuka,9,GEN,Gujarat,Varma Ratilal Kalidas,Bharatiya Janta Party,"11,56,178","5,16,531",44.70%,"22,794",4.40%
158,Dhar,25,ST,Madhya Pradesh [2000 Onwards],Chhatar Singh Darbar,Bharatiya Janta Party,"13,25,680","7,02,989",53.00%,"32,611",4.60%
159,Dharmapuri,13,SC,Tamil Nadu,"Senthil, Dr. R.",Pattali Makkal Katchi,"12,95,521","7,07,804",54.60%,"2,16,090",30.50%
160,Dharwad North,24,GEN,Karnataka,Pralhad Joshi,Bharatiya Janta Party,"12,50,578","8,09,816",64.80%,"83,078",10.30%
161,Dharwad South,23,GEN,Karnataka,Kunnur Manjunath Channappa,Bharatiya Janta Party,"12,04,353","8,65,016",71.80%,"1,45,112",16.80%
162,Dhenkanal,19,GEN,Orissa,Tathagata Satapathy,Biju Janata Dal,"11,74,787","7,90,179",67.30%,"1,22,882",15.60%
163,Dhubri,4,GEN,Assam,Anwar Hussain,Indian National Congress,"11,49,939","8,63,463",75.10%,"1,16,622",13.50%
164,Dhule,14,GEN,Maharashtra,Chaurey Bapu Hari,Indian National Congress,"12,26,114","4,55,308",37.10%,"7,765",1.70%
165,Diamond Harbour,17,GEN,West Bengal,Samik Lahiri,Communist Party Of India (MARXIST),"11,02,946","8,35,475",75.80%,"1,53,784",18.40%
166,Dibrugarh,13,GEN,Assam,Sarbananda Sonowal,Asom Gana Parisad,"9,69,905","6,31,416",65.10%,"18,554",2.90%
167,Dindigul,23,GEN,Tamil Nadu,"Chitthan, N. S. V.",Indian National Congress,"11,37,313","6,88,646",60.60%,"1,55,171",22.50%
168,Domariaganj,31,SC,Uttar Pradesh [2000 Onwards],Mohd. Muqueem,Bahujan Samaj Party,"13,50,045","6,43,127",47.60%,"52,902",8.20%
169,Dum Dum,20,SC,West Bengal,Amitava Nandy,Communist Party Of India (MARXIST),"15,43,705","12,45,065",80.70%,"98,252",7.90%
170,Dumka,2,ST,Jharkhand,Shibu Soren,Jharkhand Mukti Morcha,"10,83,200","6,25,043",57.70%,"1,15,015",18.40%
171,Durg,10,ST,Chhattisgarh,Tarachand Sahu,Bharatiya Janta Party,"14,62,883","7,61,323",52.00%,"61,468",8.10%
172,Durgapur,37,SC,West Bengal,Sunil Khan,Communist Party Of India (MARXIST),"11,50,939","8,44,777",73.40%,"2,77,508",32.80%
173,East Delhi,4,GEN,Delhi [1977 Onwards],Sandeep Dikshit,Indian National Congress,"26,06,589","11,90,884",45.70%,"2,29,779",19.30%
174,Eluru,11,GEN,Andhra Pradesh,Kavuru Samba Siva Rao,Indian National Congress,"11,51,672","8,94,854",77.70%,"1,23,291",13.80%
175,Erandol,16,GEN,Maharashtra,Annasaheb M. K. Patil,Bharatiya Janta Party,"12,14,861","6,09,392",50.20%,"8,141",1.30%
176,Ernakulam,11,GEN,Kerala,Dr. Sebastian Paul,Independent,"10,69,131","6,57,891",61.50%,"70,099",10.70%
177,Etah,67,SC,Uttar Pradesh [2000 Onwards],Ku. Devendra Singh Yadav,Samajwadi Party,"11,28,519","5,87,065",52.00%,"51,335",8.70%
178,Etawah,62,GEN,Uttar Pradesh [2000 Onwards],Raghuraj Singh Shakya,Samajwadi Party,"12,64,620","7,03,901",55.70%,"1,90,157",27.00%
179,Faizabad,24,GEN,Uttar Pradesh [2000 Onwards],Mitrasen,Bahujan Samaj Party,"13,26,533","6,86,478",51.80%,"33,486",4.90%
180,Faridabad,6,GEN,Haryana,Avtar Singh Bhadana,Indian National Congress,"15,46,578","8,44,647",54.60%,"1,51,929",18.00%
181,Faridkot,12,GEN,Punjab,Sukhbir Singh Badal,Shiromani Akali Dal,"12,62,934","8,93,428",70.70%,"1,35,279",15.10%
182,Farrukhabad,64,GEN,Uttar Pradesh [2000 Onwards],Chandra Bhushan Singh (MUNNOO BABU),Samajwadi Party,"13,66,501","6,65,458",48.70%,"2,745",0.40%
183,Fatehpur,54,GEN,Uttar Pradesh [2000 Onwards],Mahendra Prasad Nishad,Bahujan Samaj Party,"12,79,387","5,06,655",39.60%,"52,568",10.40%
184,Ferozepur,13,GEN,Punjab,Zora Singh Maan,Shiromani Akali Dal,"13,02,221","8,67,635",66.60%,"11,539",1.30%
185,Firozabad,68,SC,Uttar Pradesh [2000 Onwards],Ram Ji Lal Suman,Samajwadi Party,"13,05,888","5,31,305",40.70%,"54,788",10.30%
186,Gandhinagar,11,GEN,Gujarat,Lal Krishna Advani,Bharatiya Janta Party,"21,26,829","8,45,212",39.70%,"2,17,138",25.70%
187,Ganganagar,1,SC,Rajasthan,Nihalchand Meghwal,Bharatiya Janta Party,"13,37,857","7,20,451",53.90%,"7,393",1.00%
188,Garhwal,2,GEN,Uttarakhand,Maj. Gen. ( RETD) BHUWAN CHANDRA KHANDURI (AVSM),Bharatiya Janta Party,"10,81,299","4,99,546",46.20%,"50,962",10.20%
189,Gauhati,7,GEN,Assam,Kirip Chaliha,Indian National Congress,"14,41,360","8,81,696",61.20%,"61,151",6.90%
190,Gaya,40,SC,Bihar [2000 Onwards],Rajesh Kumar Manjhi,Rashtriya Janata Dal,"14,36,323","8,83,374",61.50%,"1,02,934",11.70%
191,Ghatampur,59,GEN,Uttar Pradesh [2000 Onwards],Radhey Shyam Kori,Samajwadi Party,"12,07,492","5,04,722",41.80%,"10,312",2.00%
192,Ghazipur,46,GEN,Uttar Pradesh [2000 Onwards],Afajal Ansari,Samajwadi Party,"14,76,687","8,69,032",58.90%,"2,26,777",26.10%
193,Ghosi,40,GEN,Uttar Pradesh [2000 Onwards],Chandradeo Prasad Rajbhar,Samajwadi Party,"14,27,284","7,21,463",50.60%,"21,012",2.90%
194,Giridih,6,GEN,Jharkhand,Tek Lal Mahto,Jharkhand Mukti Morcha,"13,12,691","7,14,371",54.40%,"1,49,794",21.00%
195,Gobichettipalayam,19,SC,Tamil Nadu,"Elangovan, E. V. K. S.",Indian National Congress,"10,52,350","6,77,523",64.40%,"2,14,477",31.70%
196,Godda,3,GEN,Jharkhand,Furkan Ansari,Indian National Congress,"13,38,939","8,31,337",62.10%,"26,754",3.20%
197,Godhra,18,GEN,Gujarat,Solanki Bhupendrasinh Prabhatsinh,Bharatiya Janta Party,"11,43,516","5,37,101",47.00%,"53,719",10.00%
198,Gonda,29,GEN,Uttar Pradesh [2000 Onwards],Kirti Vardhan Singh Alias Raja Bhaiya,Samajwadi Party,"13,91,430","6,06,618",43.60%,"36,998",6.10%
199,Gopalganj,4,GEN,Bihar [2000 Onwards],Anirudh Prasad Alias Sadhu Yadav,Rashtriya Janata Dal,"12,31,178","6,94,487",56.40%,"1,92,919",27.80%
200,Gorakhpur,34,SC,Uttar Pradesh [2000 Onwards],Aditya Nath,Bharatiya Janta Party,"14,32,002","6,89,217",48.10%,"1,42,039",20.60%
201,Gulbarga,2,GEN,Karnataka,Iqbal Ahmed Saradgi,Indian National Congress,"14,39,006","8,27,038",57.50%,"57,471",6.90%
202,Guna,4,GEN,Madhya Pradesh [2000 Onwards],Jyotiraditya Madhavrao Scindia,Indian National Congress,"14,22,045","6,68,208",47.00%,"86,360",12.90%
203,Guntur,15,GEN,Andhra Pradesh,Rayapati Sambasiva Rao,Indian National Congress,"11,72,954","8,20,124",69.90%,"1,29,792",15.80%
204,Gurdaspur,1,GEN,Punjab,Vinod Khanna,Bharatiya Janta Party,"12,10,260","7,85,813",64.90%,"24,983",3.20%
205,Gwalior,3,GEN,Madhya Pradesh [2000 Onwards],Ramsevak Singh ( BABUJI),Indian National Congress,"13,81,464","5,64,497",40.90%,"35,864",6.40%
206,Hajipur,8,GEN,Bihar [2000 Onwards],Ram Vilas Paswan,Lok Jan Shakti Party,"12,08,834","7,73,565",64.00%,"2,37,801",30.70%
207,Hamirpur,4,SC,Himachal Pradesh,Suresh Chandel,Bharatiya Janta Party,"10,64,238","6,49,994",61.10%,"1,615",0.20%
208,Hamirpur,56,SC,Uttar Pradesh [2000 Onwards],Rajnarayan Alias Rajju Mahraj,Samajwadi Party,"11,85,235","6,04,055",51.00%,"37,154",6.20%
209,Hanamkonda,38,GEN,Andhra Pradesh,B.Vinod Kumar,Telangana Rashtra Samithi,"12,07,089","8,31,324",68.90%,"2,17,067",26.10%
210,Hapur,75,GEN,Uttar Pradesh [2000 Onwards],Surendra Prakash Goyal,Indian National Congress,"18,06,830","7,99,663",44.30%,"42,363",5.30%
211,Hardoi,15,GEN,Uttar Pradesh [2000 Onwards],Usha Verma,Samajwadi Party,"12,13,260","5,22,063",43.00%,"39,203",7.50%
212,Hardwar,5,GEN,Uttarakhand,Rajendra Kumar,Samajwadi Party,"9,14,440","4,86,341",53.20%,"37,659",7.70%
213,Hassan,19,GEN,Karnataka,H D Devegowda,Janata Dal (Secular),"12,92,878","9,10,103",70.40%,"1,90,305",20.90%
214,Hathras,71,GEN,Uttar Pradesh [2000 Onwards],Kishan Lal Diler,Bharatiya Janta Party,"12,12,983","4,92,076",40.60%,"22,837",4.60%
215,Hazaribagh,14,GEN,Jharkhand,Bhubneshwar Prasad Mehta,Communist Party Of India,"11,80,058","7,05,438",59.80%,"1,05,328",14.90%
216,Hindupur,24,GEN,Andhra Pradesh,Nizamoddin,Indian National Congress,"11,79,211","8,65,406",73.40%,"1,840",0.20%
217,Hingoli,29,GEN,Maharashtra,Suryakanta Patil,Nationalist Congress Party,"11,89,303","7,27,547",61.20%,"12,545",1.70%
218,Hissar,9,GEN,Haryana,Jai Parkash,Indian National Congress,"11,36,762","7,69,679",67.70%,"1,82,768",23.70%
219,Hooghly,27,GEN,West Bengal,Rupchand Pal,Communist Party Of India (MARXIST),"11,61,683","9,19,683",79.20%,"1,66,966",18.20%
220,Hoshangabad,18,GEN,Madhya Pradesh [2000 Onwards],Sartaj Singh,Bharatiya Janta Party,"12,87,203","6,33,736",49.20%,"1,36,409",21.50%
221,Hoshiarpur,6,GEN,Punjab,Avinash Rai Khanna,Bharatiya Janta Party,"11,37,423","6,55,662",57.60%,"1,04,371",15.90%
222,Howrah,24,GEN,West Bengal,Swadesh Chakrabortty,Communist Party Of India (MARXIST),"12,40,427","9,09,246",73.30%,"2,46,937",27.20%
223,Hyderabad,30,GEN,Andhra Pradesh,Asaduddin Owaisi,All India Majlis-E-Ittehadul Muslimoon,"17,70,725","9,86,387",55.70%,"1,00,145",10.20%
224,Ichalkaranji,47,GEN,Maharashtra,Mane Nivedita Sambhajirao,Nationalist Congress Party,"12,15,059","7,90,264",65.00%,"1,01,049",12.80%
225,Idukki,14,GEN,Kerala,K. Francis George,Kerala Congress,"10,34,338","7,27,964",70.40%,"69,384",9.50%
226,Indore,26,GEN,Madhya Pradesh [2000 Onwards],Sumitra Mahajan (TAI),Bharatiya Janta Party,"16,78,030","8,54,240",50.90%,"1,93,936",22.70%
227,Inner Manipur,1,GEN,Manipur,Dr. Thokchom Meinya,Indian National Congress,"7,40,718","4,16,376",56.20%,"49,333",11.80%
228,Jabalpur,14,ST,Madhya Pradesh [2000 Onwards],Rakesh Singh,Bharatiya Janta Party,"13,47,885","5,72,548",42.50%,"99,531",17.40%
229,Jadavpur,18,GEN,West Bengal,Sujan Chakraborty,Communist Party Of India (MARXIST),"13,54,946","10,19,775",75.30%,"89,668",8.80%
230,Jagatsinghpur,7,SC,Orissa,Brahmananda Panda,Biju Janata Dal,"13,01,496","9,28,017",71.30%,"57,262",6.20%
231,Jahanabad,38,SC,Bihar [2000 Onwards],Ganesh Prasad Singh,Rashtriya Janata Dal,"12,46,756","8,63,788",69.30%,"46,438",5.40%
232,Jaipur,6,GEN,Rajasthan,Girdhari Lal Bhargava,Bharatiya Janta Party,"18,96,856","8,80,276",46.40%,"1,07,186",12.20%
233,Jajpur,4,ST,Orissa,Mohan Jena,Biju Janata Dal,"12,78,758","8,76,068",68.50%,"51,466",5.90%
234,Jalaun,58,GEN,Uttar Pradesh [2000 Onwards],Bhanu Pratap Singh Verma,Bharatiya Janta Party,"13,10,156","5,79,748",44.30%,"26,791",4.60%
235,Jalesar,66,GEN,Uttar Pradesh [2000 Onwards],Pro. S.P Singh Baghel,Samajwadi Party,"12,40,919","6,50,313",52.40%,"1,06,068",16.30%
236,Jalgaon,17,GEN,Maharashtra,Y. G. Mahajan (SIR),Bharatiya Janta Party,"12,39,241","6,16,072",49.70%,"20,646",3.40%
237,Jalna,32,GEN,Maharashtra,Danve Raosaheb Dadarao Patil,Bharatiya Janta Party,"12,42,929","7,55,991",60.80%,"61,332",8.10%
238,Jalore,22,GEN,Rajasthan,B. Susheela,Bharatiya Janta Party,"14,28,584","6,54,757",45.80%,"39,192",6.00%
239,Jalpaiguri,3,SC,West Bengal,Minati Sen,Communist Party Of India (MARXIST),"11,04,784","8,84,971",80.10%,"1,80,605",20.40%
240,Jammu,6,GEN,Jammu & Kashmir,Madan Lal Sharma,Indian National Congress,"18,49,989","8,20,595",44.40%,"17,568",2.10%
241,Jamnagar,3,GEN,Gujarat,Ahir Vikrambhai Arjanbhai Madam,Indian National Congress,"10,72,175","4,33,392",40.40%,"5,593",1.30%
242,Jamshedpur,9,GEN,Jharkhand,Sunil Kumar Mahato,Jharkhand Mukti Morcha,"13,72,125","7,76,508",56.60%,"1,05,633",13.60%
243,Jangipur,8,GEN,West Bengal,Pranab Mukherjee,Indian National Congress,"10,82,151","8,81,248",81.40%,"36,860",4.20%
244,Janjgir,3,SC,Chhattisgarh,Karuna Shukla,Bharatiya Janta Party,"13,74,418","7,17,350",52.20%,"11,329",1.60%
245,Jaunpur,44,GEN,Uttar Pradesh [2000 Onwards],Parasnath Yadava,Samajwadi Party,"15,15,676","7,14,077",47.10%,"27,125",3.80%
246,Jhabua,28,GEN,Madhya Pradesh [2000 Onwards],Kantilal Bhuria,Indian National Congress,"12,90,101","6,28,135",48.70%,"80,282",12.80%
247,Jhalawar,15,GEN,Rajasthan,Dushyant Singh,Bharatiya Janta Party,"11,88,576","5,67,172",47.70%,"81,579",14.40%
248,Jhanjharpur,14,GEN,Bihar [2000 Onwards],Devendra Prasad Yadav,Rashtriya Janata Dal,"11,63,817","7,04,243",60.50%,"12,835",1.80%
249,Jhansi,57,GEN,Uttar Pradesh [2000 Onwards],Chandrapal Singh Yadav,Samajwadi Party,"15,26,320","8,19,636",53.70%,"26,299",3.20%
250,Jhargram,33,ST,West Bengal,Rupchand Murmu,Communist Party Of India (MARXIST),"10,29,496","7,93,099",77.00%,"3,51,343",44.30%
251,Jhunjhunu,4,GEN,Rajasthan,Shish Ram Ola,Indian National Congress,"13,70,602","6,79,614",49.60%,"23,355",3.40%
252,Jodhpur,24,GEN,Rajasthan,Jaswant Singh Bishnoi,Bharatiya Janta Party,"15,72,050","8,63,578",54.90%,"42,495",4.90%
253,Jorhat,12,GEN,Assam,Bijoy Krishna Handique,Indian National Congress,"10,78,149","6,67,973",62.00%,"51,292",7.70%
254,Joynagar,15,GEN,West Bengal,Sanat Kumar Mandal,Revolutionary Socialist Party,"11,36,859","8,06,749",71.00%,"2,30,521",28.60%
255,Jullundur,4,SC,Punjab,Rana Gurjeet Singh,Indian National Congress,"12,21,443","7,42,475",60.80%,"33,463",4.50%
256,Junagadh,6,GEN,Gujarat,Barad Jasubhai Dhanabhai,Indian National Congress,"12,39,398","6,58,280",53.10%,"40,921",6.20%
257,Kaira,19,ST,Gujarat,Dinsha Patel,Indian National Congress,"11,46,245","4,50,808",39.30%,"56,749",12.60%
258,Kairana,79,GEN,Uttar Pradesh [2000 Onwards],Anuradha Choudhary,Rashtriya Lok Dal,"12,20,829","8,16,700",66.90%,"3,42,414",41.90%
259,Kaiserganj,26,GEN,Uttar Pradesh [2000 Onwards],Beni Prasad Verma,Samajwadi Party,"12,72,807","5,69,938",44.80%,"12,660",2.20%
260,Kakinada,7,GEN,Andhra Pradesh,Mallipudi Mangapati Pallam Raju,Indian National Congress,"11,64,984","8,32,052",71.40%,"57,252",6.90%
261,Kalahandi,14,GEN,Orissa,Bikram Keshari Deo,Bharatiya Janta Party,"11,32,680","7,53,897",66.60%,"34,122",4.50%
262,Kaliabor,11,GEN,Assam,Dip Gogoi,Indian National Congress,"11,53,483","7,63,617",66.20%,"67,198",8.80%
263,Kanakapura,11,GEN,Karnataka,Tejashwini See Ramesh,Indian National Congress,"26,95,484","15,51,189",57.60%,"1,16,663",7.50%
264,Kanara,22,SC,Karnataka,Ananthkumar Hegde,Bharatiya Janta Party,"12,07,373","8,32,123",68.90%,"1,72,226",20.70%
265,Kangra,3,GEN,Himachal Pradesh,Chander Kumar,Indian National Congress,"10,33,686","6,40,345",62.00%,"17,791",2.80%
266,Kanker,8,GEN,Chhattisgarh,Sohan Potai,Bharatiya Janta Party,"11,52,128","5,53,195",48.00%,"73,626",13.30%
267,Kannauj,63,GEN,Uttar Pradesh [2000 Onwards],Akhilesh Yadav,Samajwadi Party,"13,46,673","7,59,336",56.40%,"3,07,373",40.50%
268,Kanpur,61,GEN,Uttar Pradesh [2000 Onwards],Shriprakash Jaiswal,Indian National Congress,"14,27,231","6,18,698",43.40%,"5,638",0.90%
269,Kapadvanj,16,GEN,Gujarat,Vaghela Shankersinh Laxmansinh,Indian National Congress,"12,65,350","5,95,296",47.10%,"79,435",13.30%
270,Karad,45,GEN,Maharashtra,Patil Shriniwas Dadasaheb,Nationalist Congress Party,"11,81,744","7,13,822",60.40%,"1,96,730",27.60%
271,Karimganj,1,SC,Assam,Lalit Mohan Suklabaidya,Indian National Congress,"9,79,105","6,71,065",68.50%,"91,948",13.70%
272,Karimnagar,37,GEN,Andhra Pradesh,K. Chandra Shakher Rao,Telangana Rashtra Samithi,"13,44,786","8,74,367",65.00%,"1,31,168",15.00%
273,Karnal,3,SC,Haryana,Arvind Kumar Sharma,Indian National Congress,"12,40,344","8,18,605",66.00%,"1,64,762",20.10%
274,Karol Bagh,7,GEN,Delhi [1977 Onwards],Krishna Tirath,Indian National Congress,"5,05,236","2,49,184",49.30%,"37,629",15.10%
275,Karur,26,GEN,Tamil Nadu,"Palanisamy, K. C.",Dravida Munetra Kazhagam,"10,69,359","7,42,800",69.50%,"1,90,876",25.70%
276,Kasaragod,1,GEN,Kerala,P. Karunakaran,Communist Party Of India (MARXIST),"11,60,134","8,98,746",77.50%,"1,08,256",12.00%
277,Katihar,25,GEN,Bihar [2000 Onwards],Nikhil Kumar Choudhary,Bharatiya Janta Party,"11,58,042","7,04,422",60.80%,"2,565",0.40%
278,Katwa,40,GEN,West Bengal,Mahboob Zahedi,Communist Party Of India (MARXIST),"11,69,525","9,63,689",82.40%,"1,43,349",14.90%
279,Kendrapara,5,ST,Orissa,Archana Nayak,Biju Janata Dal,"11,86,834","8,36,194",70.50%,"86,843",10.40%
280,Keonjhar,21,ST,Orissa,Ananta Nayak,Bharatiya Janta Party,"11,83,472","8,14,619",68.80%,"49,209",6.00%
281,Khagaria,28,GEN,Bihar [2000 Onwards],Rabindra Ku. Rana,Rashtriya Janata Dal,"11,96,971","6,75,969",56.50%,"67,123",9.90%
282,Khajuraho,6,SC,Madhya Pradesh [2000 Onwards],"Dr. Ramkrishna Kushmariya "" Baba Jee """,Bharatiya Janta Party,"15,52,876","7,71,830",49.70%,"1,11,781",14.50%
283,Khalilabad,32,SC,Uttar Pradesh [2000 Onwards],Bhalchandra Yadava,Bahujan Samaj Party,"13,97,045","7,00,982",50.20%,"27,023",3.90%
284,Khammam,40,GEN,Andhra Pradesh,Renuka Chowdhury,Indian National Congress,"12,98,614","10,20,523",78.60%,"1,08,888",10.70%
285,Khandwa,23,GEN,Madhya Pradesh [2000 Onwards],Nand Kumar Singh Chauhan ( NANDU BHAIYA),Bharatiya Janta Party,"12,17,726","6,05,099",49.70%,"1,02,737",17.00%
286,Khargone,24,ST,Madhya Pradesh [2000 Onwards],Krishna Murari Moghe,Bharatiya Janta Party,"12,87,299","6,51,747",50.60%,"58,617",9.00%
287,Khed,41,SC,Maharashtra,Adhalarao Patil Shivajirao,Shiv Sena,"13,19,319","7,31,759",55.50%,"20,810",2.80%
288,Kheri,11,GEN,Uttar Pradesh [2000 Onwards],Ravi Prakash Verma,Samajwadi Party,"14,37,563","7,06,706",49.20%,"11,760",1.70%
289,Khunti,11,ST,Jharkhand,Sushila Kerketta,Indian National Congress,"9,04,846","4,90,772",54.20%,"51,226",10.40%
290,Khurja,73,GEN,Uttar Pradesh [2000 Onwards],Ashok Kumar Pradhan,Bharatiya Janta Party,"14,57,828","6,01,160",41.20%,"41,150",6.80%
291,Kishanganj,23,SC,Bihar [2000 Onwards],Taslimuddin,Rashtriya Janata Dal,"12,78,476","8,13,315",63.60%,"1,60,497",19.70%
292,Kodarma,5,GEN,Jharkhand,Babulal Marandi,Bharatiya Janta Party,"13,25,734","8,25,697",62.30%,"1,54,944",18.80%
293,Kokrajhar,5,ST,Assam,Sansuma Khunggur Bwiswmuthiary,Independent,"12,16,553","9,66,915",79.50%,"4,84,129",50.10%
294,Kolaba,3,GEN,Maharashtra,Barrister A. R. Antulay,Indian National Congress,"12,50,272","7,91,940",63.30%,"31,870",4.00%
295,Kolar,10,GEN,Karnataka,K.H. Muniyappa,Indian National Congress,"12,62,765","9,07,296",71.90%,"11,635",1.30%
296,Kolhapur,48,GEN,Maharashtra,Mandlik Sadashivrao Dadoba,Nationalist Congress Party,"11,62,212","8,11,534",69.80%,"14,753",1.80%
297,Kopargaon,40,GEN,Maharashtra,E. V. Alias Balasaheb Vikhe Patil,Indian National Congress,"10,77,519","6,66,950",61.90%,"87,331",13.10%
298,Koppal,4,SC,Karnataka,K. Virupaxappa,Indian National Congress,"14,13,496","8,92,586",63.20%,"43,623",4.90%
299,Koraput,12,ST,Orissa,Giridhar Gamang,Indian National Congress,"11,39,590","7,35,544",64.50%,"43,267",5.90%
300,Kota,14,GEN,Rajasthan,Raghuveer Singh Koshal,Bharatiya Janta Party,"13,27,073","5,78,740",43.60%,"71,778",12.40%
301,Kottayam,13,GEN,Kerala,K. Suresh Kurup,Communist Party Of India (MARXIST),"9,63,886","7,03,486",73.00%,"42,914",6.10%
302,Krishnagar,11,GEN,West Bengal,Jyotirmoyee Sikdar,Communist Party Of India (MARXIST),"11,17,441","9,24,304",82.70%,"20,387",2.20%
303,Krishnagiri,14,GEN,Tamil Nadu,Sugavanam. E. G,Dravida Munetra Kazhagam,"12,52,580","7,37,744",58.90%,"1,19,222",16.20%
304,Kurnool,26,GEN,Andhra Pradesh,Kotla Jayasurya Prakasha Reddy,Indian National Congress,"13,10,724","8,18,316",62.40%,"1,01,098",12.40%
305,Kurukshetra,2,GEN,Haryana,Naveen Jindal,Indian National Congress,"11,61,933","8,50,680",73.20%,"1,60,190",18.80%
306,Kutch,1,SC,Gujarat,Gadhavi Pushpadan Shambhudan,Bharatiya Janta Party,"10,06,563","4,58,980",45.60%,"28,990",6.30%
307,Ladakh,4,GEN,Jammu & Kashmir,Thupstan Chhewang,Independent,"1,75,768","1,27,813",72.70%,"25,713",20.10%
308,Lakhimpur,14,GEN,Assam,Dr. Arun Kumar Sarmah,Asom Gana Parisad,"11,26,632","8,00,101",71.00%,"28,148",3.50%
309,Lakshadweep,1,ST,Lakshadweep,Dr. P. Pookunhikoya,Janata Dal (United),"39,033","31,820",81.50%,71,0.20%
310,Lalganj,42,GEN,Uttar Pradesh [2000 Onwards],Daroga Prasad Saroj,Samajwadi Party,"15,58,349","7,63,526",49.00%,"42,731",5.60%
311,Latur,35,GEN,Maharashtra,Patil Rupatai Diliprao Nilangekar,Bharatiya Janta Party,"12,93,202","8,20,746",63.50%,"30,891",3.80%
312,Lohardaga,12,ST,Jharkhand,Rameshwar Oraon,Indian National Congress,"9,06,666","4,67,336",51.50%,"90,255",19.30%
313,Lucknow,16,SC,Uttar Pradesh [2000 Onwards],Atal Bihari Vajpayee,Bharatiya Janta Party,"16,39,922","5,78,501",35.30%,"2,18,375",37.70%
314,Ludhiana,9,SC,Punjab,Sharanjit Singh Dhillon,Shiromani Akali Dal,"15,60,468","8,69,922",55.80%,"29,540",3.40%
315,Machhlishahr,43,GEN,Uttar Pradesh [2000 Onwards],Umakant Yadav,Bahujan Samaj Party,"14,74,056","6,76,977",45.90%,"55,382",8.20%
316,Machilipatnam,12,GEN,Andhra Pradesh,Badiga Ramakrishna,Indian National Congress,"9,93,370","7,52,413",75.70%,"50,341",6.70%
317,Madhepura,21,SC,Bihar [2000 Onwards],Lalu Prasad,Rashtriya Janata Dal,"11,87,490","6,95,657",58.60%,"69,987",10.10%
318,Madhubani,13,GEN,Bihar [2000 Onwards],Dr. Shakeel Ahmad,Indian National Congress,"12,57,633","6,95,136",55.30%,"87,079",12.50%
319,Madras Central,2,GEN,Tamil Nadu,Dayanidhi Maran,Dravida Munetra Kazhagam,"10,45,260","5,12,784",49.10%,"1,34,178",26.20%
320,Madras North,1,SC,Tamil Nadu,Kuppusami. C,Dravida Munetra Kazhagam,"20,00,866","9,15,786",45.80%,"2,53,539",27.70%
321,Madras South,3,GEN,Tamil Nadu,"Baalu, T. R.",Dravida Munetra Kazhagam,"19,49,904","9,34,936",48.00%,"2,20,740",23.60%
322,Madurai,24,GEN,Tamil Nadu,"Mohan, P.",Communist Party Of India (MARXIST),"13,44,023","7,38,136",54.90%,"1,32,840",18.00%
323,Mahabubnagar,29,GEN,Andhra Pradesh,Devarakonda Vittal Rao,Indian National Congress,"13,65,922","8,66,243",63.40%,"47,907",5.50%
324,Maharajganj,35,GEN,Uttar Pradesh [2000 Onwards],Pankaj Choudhary,Bharatiya Janta Party,"13,11,205","7,46,614",56.90%,"64,799",8.70%
325,Maharajganj,6,GEN,Bihar [2000 Onwards],Prabhunath Singh,Janata Dal (United),"11,14,665","6,64,381",59.60%,"46,465",7.00%
326,Mahasamund,7,GEN,Chhattisgarh,Ajit Jogi,Indian National Congress,"11,69,419","7,70,599",65.90%,"1,18,505",15.40%
327,Mahendragarh,7,GEN,Haryana,Inderjit Singh,Indian National Congress,"14,29,015","8,48,852",59.40%,"2,10,341",24.80%
328,Mainpuri,65,GEN,Uttar Pradesh [2000 Onwards],Mulayam Singh Yadav,Samajwadi Party,"12,11,002","7,19,797",59.40%,"3,37,870",46.90%
329,Malda,7,GEN,West Bengal,A. B. A. Ghani Khan Choudhury,Indian National Congress,"10,88,411","8,44,032",77.60%,"1,11,108",13.20%
330,Malegaon,13,GEN,Maharashtra,Harischandra Devram Chavan,Bharatiya Janta Party,"12,22,363","5,90,436",48.30%,"4,528",0.80%
331,Mandi,2,GEN,Himachal Pradesh,Pratibha Singh,Indian National Congress,"10,65,083","6,65,196",62.50%,"66,566",10.00%
332,Mandla,13,GEN,Madhya Pradesh [2000 Onwards],Faggan Singh Kulaste,Bharatiya Janta Party,"10,95,134","5,88,178",53.70%,"64,897",11.00%
333,Mandsaur,29,ST,Madhya Pradesh [2000 Onwards],Dr Laxminarayan Pandeya,Bharatiya Janta Party,"13,73,890","7,76,188",56.50%,"1,39,633",18.00%
334,Mandvi,25,GEN,Gujarat,Chaudhary Tusharbhai Amarsinhbhai,Indian National Congress,"11,49,161","6,44,719",56.10%,"1,73,382",26.90%
335,Mandya,14,GEN,Karnataka,Ambareesh M. H.,Indian National Congress,"11,98,750","8,56,067",71.40%,"1,24,438",14.50%
336,Mangaldoi,8,GEN,Assam,Narayan Chandra Borkataky,Bharatiya Janta Party,"12,09,839","8,48,741",70.20%,"29,866",3.50%
337,Mangalore,17,GEN,Karnataka,D. V. Sadananda Gowda,Bharatiya Janta Party,"11,01,484","7,90,204",71.70%,"33,415",4.20%
338,Manjeri,5,GEN,Kerala,T. K. Hamza,Communist Party Of India (MARXIST),"12,62,202","9,04,535",71.70%,"47,743",5.30%
339,Mathura,70,GEN,Uttar Pradesh [2000 Onwards],Manvendra Singh,Indian National Congress,"12,77,346","6,01,855",47.10%,"38,132",6.30%
340,Mathurapur,16,GEN,West Bengal,Basudeb Barman,Communist Party Of India (MARXIST),"11,13,351","9,05,415",81.30%,"82,028",9.10%
341,Mavelikara,16,SC,Kerala,C. S. Sujatha,Communist Party Of India (MARXIST),"8,71,592","6,42,816",73.80%,"7,414",1.20%
342,Mayiladuturai,29,SC,Tamil Nadu,Mani Shankar Aiyar,Indian National Congress,"10,22,018","6,93,551",67.90%,"1,95,691",28.20%
343,Mayurbhanj,1,GEN,Orissa,Sudam Marndi,Jharkhand Mukti Morcha,"9,90,544","6,95,815",70.30%,"7,972",1.10%
344,Medak,33,GEN,Andhra Pradesh,A. Narendra,Telangana Rashtra Samithi,"12,59,126","8,99,374",71.40%,"1,23,766",13.80%
345,Meerut,76,GEN,Uttar Pradesh [2000 Onwards],Mohd. Shahid,Bahujan Samaj Party,"13,29,974","6,97,471",52.40%,"69,336",9.90%
346,Mehsana,12,GEN,Gujarat,Jivabhai Ambalal Patel,Indian National Congress,"12,36,066","6,95,357",56.30%,"14,511",2.10%
347,Midnapore,32,GEN,West Bengal,Prabodh Panda,Communist Party Of India,"11,52,887","9,05,208",78.50%,"1,60,760",17.80%
348,Miryalguda,42,GEN,Andhra Pradesh,Jaipal Reddy Sudini,Indian National Congress,"12,89,342","9,61,408",74.60%,"2,16,907",22.60%
349,Mirzapur,50,SC,Uttar Pradesh [2000 Onwards],Narendra Kumar Kushwaha,Bahujan Samaj Party,"16,30,287","7,28,003",44.70%,"36,412",5.00%
350,Misrikh,14,SC,Uttar Pradesh [2000 Onwards],Ashok Kumar Rawat,Bahujan Samaj Party,"12,34,107","5,51,699",44.70%,"19,403",3.50%
351,Mizoram,1,ST,Mizoram,Vanlalzawma,Mizo National Front,"5,49,959","3,45,372",62.80%,"23,694",6.90%
352,Mohanlalganj,17,GEN,Uttar Pradesh [2000 Onwards],Jai Prakash,Samajwadi Party,"12,78,376","5,71,848",44.70%,"2,568",0.40%
353,Monghyr,29,GEN,Bihar [2000 Onwards],Jay Prakash Narayan Yadav,Rashtriya Janata Dal,"13,10,042","8,38,209",64.00%,"1,15,927",13.80%
354,Moradabad,3,GEN,Uttar Pradesh [2000 Onwards],Dr. Shafiqurrahman Barq,Samajwadi Party,"13,53,266","6,55,173",48.40%,"35,840",5.50%
355,Morena,1,GEN,Madhya Pradesh [2000 Onwards],Ashok Chhaviram Argal,Bharatiya Janta Party,"14,34,889","4,86,871",33.90%,"1,47,320",30.30%
356,Mormugao,2,GEN,Goa,Alemao Churchil Braz,Indian National Congress,"5,15,504","2,97,186",57.70%,"50,524",17.00%
357,Motihari,3,GEN,Bihar [2000 Onwards],Akhiles Prasad Singh,Rashtriya Janata Dal,"12,21,716","6,79,070",55.60%,"97,024",14.30%
358,Mukundapuram,10,GEN,Kerala,Lonappan Nambadan,Communist Party Of India (MARXIST),"10,24,150","7,21,958",70.50%,"1,17,097",16.20%
359,Mumbai North,9,SC,Maharashtra,Govinda,Indian National Congress,"23,77,866","11,19,246",47.10%,"48,271",4.30%
360,Mumbai North Central,6,GEN,Maharashtra,Eknath M. Gaikwad,Indian National Congress,"11,17,487","5,14,561",46.10%,"13,329",2.60%
361,Mumbai North East,7,SC,Maharashtra,Ad. Kamat Gurudas Vasant,Indian National Congress,"19,74,560","9,25,623",46.90%,"99,400",10.70%
362,Mumbai North West,8,GEN,Maharashtra,Dutt Priya Sunil,Indian National Congress,"15,15,745","7,47,677",49.30%,"47,358",6.30%
363,Mumbai South,4,GEN,Maharashtra,Milind Murli Deora,Indian National Congress,"6,20,431","2,74,343",44.20%,"10,246",3.70%
364,Mumbai South Central,5,GEN,Maharashtra,Mohan Rawale,Shiv Sena,"7,04,452","3,47,937",49.40%,"22,188",6.40%
365,Murshidabad,9,GEN,West Bengal,Abdul Mannan Hossain,Indian National Congress,"11,97,170","10,03,469",83.80%,"15,480",1.50%
366,Muvattupuzha,12,GEN,Kerala,P. C. Thomas (PULLOLIL),Indian Federal Democratic Party,"9,84,053","7,44,192",75.60%,529,0.10%
367,Muzaffarnagar,78,GEN,Uttar Pradesh [2000 Onwards],Ch. Munawwar Hasan,Samajwadi Party,"15,21,778","8,62,387",56.70%,"69,005",8.00%
368,Muzaffarpur,10,GEN,Bihar [2000 Onwards],George Fernandes,Janata Dal (United),"12,37,345","7,83,974",63.40%,"9,693",1.20%
369,Mysore,16,GEN,Karnataka,C. H. Vijayashankar,Bharatiya Janta Party,"14,78,718","9,57,108",64.70%,"10,150",1.10%
370,Nabadwip,12,GEN,West Bengal,Alakesh Das,Communist Party Of India (MARXIST),"13,89,486","11,71,667",84.30%,"9,991",0.90%
371,Nagaland,1,ST,Nagaland,W. Wangyuh,Nagaland Peoples Front,"10,41,433","9,51,684",91.40%,"4,52,019",47.50%
372,Nagapattinam,30,GEN,Tamil Nadu,"Vijayan, A. K. S.",Dravida Munetra Kazhagam,"10,49,004","7,49,483",71.50%,"2,16,223",28.80%
373,Nagarkurnool,28,SC,Andhra Pradesh,Dr.Manda Jagannath,Telugu Desam,"12,96,544","8,82,624",68.10%,"99,650",11.30%
374,Nagaur,25,GEN,Rajasthan,Bhanwar Singh Dangawas,Bharatiya Janta Party,"14,36,070","6,30,118",43.90%,"70,627",11.20%
375,Nagercoil,39,GEN,Tamil Nadu,Bellarmin. A. V.,Communist Party Of India (MARXIST),"11,10,014","6,70,197",60.40%,"1,64,294",24.50%
376,Nagpur,23,GEN,Maharashtra,Vilasrao Baburaoji Muttemwar,Indian National Congress,"16,30,894","7,92,180",48.60%,"99,483",12.60%
377,Nainital,4,GEN,Uttarakhand,K. C. Singh Baba,Indian National Congress,"12,61,688","6,16,560",48.90%,"49,184",8.00%
378,Nalanda,31,GEN,Bihar [2000 Onwards],Nitish Kumar,Janata Dal (United),"13,11,971","8,95,089",68.20%,"1,02,396",11.40%
379,Nalgonda,41,GEN,Andhra Pradesh,Suravaram Sudhakar Reddy,Communist Party Of India,"16,05,163","10,46,908",65.20%,"56,151",5.40%
380,Nanded,30,GEN,Maharashtra,D. B. Patil,Bharatiya Janta Party,"14,45,611","7,98,771",55.30%,"24,335",3.00%
381,Nandurbar,15,GEN,Maharashtra,Gavit Manikrao Hodlya,Indian National Congress,"12,18,524","6,39,614",52.50%,"1,07,621",16.80%
382,Nandyal,27,GEN,Andhra Pradesh,S. P. Y. Reddy,Indian National Congress,"11,82,240","8,28,724",70.10%,"1,11,679",13.50%
383,Narasapur,10,GEN,Andhra Pradesh,Chegondi Venkata Harirama Jogaiah,Indian National Congress,"9,96,175","7,65,772",76.90%,"64,412",8.40%
384,Narasaraopet,17,GEN,Andhra Pradesh,Mekapati Rajamohan Reddy,Indian National Congress,"12,55,040","8,97,889",71.50%,"86,255",9.60%
385,Nashik,12,ST,Maharashtra,Pingale Devidas Anandrao,Nationalist Congress Party,"15,22,672","6,56,071",43.10%,"15,058",2.30%
386,Nawada,39,GEN,Bihar [2000 Onwards],Virchandra Paswan,Rashtriya Janata Dal,"15,05,472","10,09,961",67.10%,"56,006",5.50%
387,Nellore,19,SC,Andhra Pradesh,Panabaka Lakshmi,Indian National Congress,"11,53,181","8,33,825",72.30%,"1,28,224",15.40%
388,New Delhi,1,GEN,Delhi [1977 Onwards],Ajay Makan,Indian National Congress,"4,55,114","2,02,926",44.60%,"12,784",6.30%
389,Nilgiris,18,GEN,Tamil Nadu,Prabhu R.,Indian National Congress,"13,17,502","7,78,708",59.10%,"2,36,502",30.40%
390,Nizamabad,34,GEN,Andhra Pradesh,Madhu Yakshi Goud,Indian National Congress,"11,28,312","7,81,638",69.30%,"1,37,871",17.60%
391,Nowgong,10,GEN,Assam,Rajen Gohain,Bharatiya Janta Party,"11,49,244","7,85,885",68.40%,"31,412",4.00%
392,Nowrangpur,13,GEN,Orissa,Parsuram Majhi,Bharatiya Janta Party,"11,61,159","7,81,346",67.30%,"24,890",3.20%
393,Ongole,18,GEN,Andhra Pradesh,Sreenivasulu Reddy Magunta,Indian National Congress,"10,63,995","7,95,544",74.80%,"1,06,021",13.30%
394,Osmanabad,36,GEN,Maharashtra,Narhire Kalpana Ramesh,Shiv Sena,"10,72,645","6,37,182",59.40%,"1,649",0.30%
395,Ottapalam,8,GEN,Kerala,S. Ajaya Kumar,Communist Party Of India (MARXIST),"10,92,142","8,05,485",73.80%,"70,410",8.70%
396,Outer Delhi,3,GEN,Delhi [1977 Onwards],Sajjan Kumar,Indian National Congress,"33,68,399","15,53,813",46.10%,"2,23,790",14.40%
397,Outer Manipur,2,ST,Manipur,Mani Charenamei,Independent,"7,95,792","6,18,984",77.80%,"82,193",13.30%
398,Padrauna,36,GEN,Uttar Pradesh [2000 Onwards],Baleshwar Yadav,National Loktantrik Party,"15,01,706","7,90,041",52.60%,"8,422",1.10%
399,Palamau,13,SC,Jharkhand,Manoj Kumar,Rashtriya Janata Dal,"12,89,313","6,41,524",49.80%,"55,144",8.60%
400,Palani,22,GEN,Tamil Nadu,"Kharventhan, S. K.",Indian National Congress,"10,88,931","6,93,929",63.70%,"2,31,493",33.40%
401,Palghat,7,GEN,Kerala,N. N. Krishnadas,Communist Party Of India (MARXIST),"11,13,144","8,18,860",73.60%,"98,158",12.00%
402,Pali,21,GEN,Rajasthan,Pusp Jain,Bharatiya Janta Party,"11,95,737","5,41,923",45.30%,"63,238",11.70%
403,Panaji,1,GEN,Goa,Shripad Yesso Naik,Bharatiya Janta Party,"4,25,663","2,53,904",59.70%,"56,213",22.10%
404,Pandharpur,38,SC,Maharashtra,Athawale Ramdas Bandu,Republican Party Of India (A),"12,94,407","6,88,282",53.20%,"99,693",14.50%
405,Panskura,29,SC,West Bengal,Gurudas Das Gupta,Communist Party Of India,"10,61,186","8,71,449",82.10%,"2,79,478",32.10%
406,Parbhani,31,GEN,Maharashtra,Tukaram Ganpatrao Renge Patil,Shiv Sena,"11,55,668","6,75,417",58.40%,"56,171",8.30%
407,Parvathipuram,2,ST,Andhra Pradesh,Kishore Chandra Suryanarayana Deo Vyricherla,Indian National Congress,"8,96,336","6,60,212",73.70%,"7,418",1.10%
408,Patan,13,GEN,Gujarat,Kanodia Maheshkumar Mithabhai,Bharatiya Janta Party,"11,32,998","5,38,059",47.50%,"23,624",4.40%
409,Patiala,8,SC,Punjab,Preneet Kaur,Indian National Congress,"14,27,103","8,74,971",61.30%,"23,667",2.70%
410,Patna,32,GEN,Bihar [2000 Onwards],Ram Kripal Yadav,Rashtriya Janata Dal,"17,41,220","9,01,556",51.80%,"38,562",4.30%
411,Peddapalli,36,SC,Andhra Pradesh,G. Venkat Swamy,Indian National Congress,"13,86,543","9,38,802",67.70%,"2,63,135",28.00%
412,Perambalur,28,GEN,Tamil Nadu,"Raja, A.",Dravida Munetra Kazhagam,"9,99,508","7,05,964",70.60%,"1,53,333",21.70%
413,Periyakulam,25,GEN,Tamil Nadu,Aaron Rashid J. M.,Indian National Congress,"10,56,853","6,97,773",66.00%,"21,155",3.00%
414,Phillaur,5,SC,Punjab,Charanjit Singh Atwal,Shiromani Akali Dal,"11,81,507","7,22,533",61.20%,"98,884",13.70%
415,Phulbani,15,GEN,Orissa,Sugrib Singh,Biju Janata Dal,"11,83,731","7,87,239",66.50%,"19,272",2.40%
416,Phulpur,51,GEN,Uttar Pradesh [2000 Onwards],Atique Ahamad,Samajwadi Party,"14,09,517","7,55,173",53.60%,"64,347",8.50%
417,Pilibhit,9,GEN,Uttar Pradesh [2000 Onwards],Maneka Gandhi,Bharatiya Janta Party,"12,85,919","6,77,095",52.70%,"1,02,720",15.20%
418,Pollachi,21,GEN,Tamil Nadu,"Krishnan, Dr. C",Marumalarchi Dravida Munnetra Kazhagam,"10,39,279","6,41,158",61.70%,"1,20,921",18.90%
419,Pondicherry,1,GEN,Pondicherry,Ramadass. M.,Pattali Makkal Katchi,"6,36,667","4,84,316",76.10%,"69,181",14.30%
420,Ponnani,6,GEN,Kerala,E. Ahammed,Muslim League Kerala State Committee,"11,72,057","7,29,438",62.20%,"1,02,758",14.10%
421,Porbandar,5,GEN,Gujarat,Patel Harilal Madhavjibhai (HARIBHAI PATEL),Bharatiya Janta Party,"9,95,027","4,90,331",49.30%,"5,703",1.20%
422,Pratapgarh,20,GEN,Uttar Pradesh [2000 Onwards],"Akshay Pratap Singh ""gopal Ji""",Samajwadi Party,"13,32,216","5,72,666",43.00%,"69,272",12.10%
423,Pudukkottai,32,GEN,Tamil Nadu,"Regupathy, S.",Dravida Munetra Kazhagam,"12,34,949","8,17,046",66.20%,"1,56,496",19.20%
424,Pune,42,SC,Maharashtra,Kalmadi Suresh,Indian National Congress,"16,08,614","7,68,826",47.80%,"73,176",9.50%
425,Puri,8,SC,Orissa,Braja Kishore Tripathy,Biju Janata Dal,"12,88,034","8,88,907",69.00%,"60,960",6.90%
426,Purnea,24,GEN,Bihar [2000 Onwards],Uday Singh Alias Pappu Singh,Bharatiya Janta Party,"11,79,491","7,09,015",60.10%,"12,883",1.80%
427,Purulia,34,GEN,West Bengal,Bir Singh Mahato,All India Forward Bloc,"9,92,438","6,94,449",70.00%,"1,45,718",21.00%
428,Quilon,18,GEN,Kerala,P. Rajendran,Communist Party Of India (MARXIST),"10,31,593","7,02,390",68.10%,"1,11,071",15.80%
429,Rae Bareli,19,GEN,Uttar Pradesh [2000 Onwards],Sonia Gandhi,Indian National Congress,"13,29,169","6,43,560",48.40%,"2,49,765",38.80%
430,Raichur,3,GEN,Karnataka,A.Venkatesh Naik,Indian National Congress,"14,13,018","8,24,732",58.40%,508,0.10%
431,Raiganj,5,GEN,West Bengal,Priya Ranjan Dasmunsi,Indian National Congress,"11,47,290","9,13,637",79.60%,"39,147",4.30%
432,Raigarh,2,ST,Chhattisgarh,Vishnudeo Sai,Bharatiya Janta Party,"10,38,634","6,48,290",62.40%,"74,243",11.50%
433,Raipur,6,GEN,Chhattisgarh,Ramesh Bais,Bharatiya Janta Party,"13,70,242","6,89,427",50.30%,"1,29,519",18.80%
434,Rajahmundry,8,GEN,Andhra Pradesh,Aruna Kumar Vundavalli,Indian National Congress,"10,74,223","8,15,493",75.90%,"1,48,820",18.20%
435,Rajampet,22,GEN,Andhra Pradesh,Annayyagari Sai Prathap,Indian National Congress,"9,91,369","6,88,887",69.50%,"78,085",11.30%
436,Rajapur,1,ST,Maharashtra,Suresh Prabhu,Shiv Sena,"8,35,714","4,80,243",57.50%,"80,899",16.80%
437,Rajgarh,21,SC,Madhya Pradesh [2000 Onwards],Lakshman Singh,Bharatiya Janta Party,"12,78,429","5,98,956",46.90%,"36,712",6.10%
438,Rajkot,4,GEN,Gujarat,Dr. Kathiria Vallabhbhai Ramjibhai,Bharatiya Janta Party,"16,50,135","5,38,380",32.60%,"1,43,970",26.70%
439,Rajmahal,1,ST,Jharkhand,Hemlal Murmu,Jharkhand Mukti Morcha,"10,72,040","6,91,116",64.50%,"2,974",0.40%
440,Rajnandgaon,11,ST,Chhattisgarh,Pradeep Gandhi,Bharatiya Janta Party,"11,21,618","6,64,445",59.20%,"14,323",2.20%
441,Ramanathapuram,34,GEN,Tamil Nadu,Bhavani Rajenthiran. M. S. K.,Dravida Munetra Kazhagam,"11,47,726","6,72,447",58.60%,"1,09,950",16.40%
442,Rampur,4,GEN,Uttar Pradesh [2000 Onwards],P. Jaya Prada Nahata,Samajwadi Party,"14,20,598","8,11,098",57.10%,"85,474",10.50%
443,Ramtek,22,ST,Maharashtra,Mohite Subodh Baburao,Shiv Sena,"11,48,759","6,47,268",56.30%,"14,102",2.20%
444,Ranchi,8,GEN,Jharkhand,Subodh Kant Sahay,Indian National Congress,"13,79,179","6,96,342",50.50%,"15,421",2.20%
445,Rasipuram,15,GEN,Tamil Nadu,Rani. K,Indian National Congress,"11,32,426","6,93,014",61.20%,"1,34,533",19.40%
446,Ratnagiri,2,GEN,Maharashtra,Anant Geete,Shiv Sena,"9,14,770","5,60,620",61.30%,"1,48,968",26.60%
447,Rewa,9,GEN,Madhya Pradesh [2000 Onwards],Chandramani Tripathi,Bharatiya Janta Party,"14,61,014","6,30,281",43.10%,"44,752",7.10%
448,Robertsganj,49,GEN,Uttar Pradesh [2000 Onwards],Lalchandra,Bahujan Samaj Party,"16,61,132","7,24,797",43.60%,"10,362",1.40%
449,Rohtak,5,GEN,Haryana,Bhupinder Singh,Indian National Congress,"10,55,610","6,61,641",62.70%,"1,50,435",22.70%
450,Ropar,7,GEN,Punjab,Sukhdev Singh Libra,Shiromani Akali Dal,"13,45,244","7,90,206",58.70%,"33,637",4.30%
451,Rosera,16,GEN,Bihar [2000 Onwards],Ram Chandra Paswan,Lok Jan Shakti Party,"12,45,733","7,13,782",57.30%,"1,38,411",19.40%
452,Sabarkantha,15,GEN,Gujarat,Madhusudan Mistry,Indian National Congress,"12,72,262","6,54,380",51.40%,"39,928",6.10%
453,Sagar,5,GEN,Madhya Pradesh [2000 Onwards],Virendra Kumar,Bharatiya Janta Party,"12,50,751","4,79,246",38.30%,"1,47,991",30.90%
454,Saharanpur,80,SC,Uttar Pradesh [2000 Onwards],Rasheed Masood,Samajwadi Party,"15,66,135","9,90,397",63.20%,"26,828",2.70%
455,Saharsa,20,GEN,Bihar [2000 Onwards],Ranjeet Ranjan,Lok Jan Shakti Party,"12,87,666","7,38,272",57.30%,"30,787",4.20%
456,Saidpur,45,SC,Uttar Pradesh [2000 Onwards],Tufani Saroj,Samajwadi Party,"15,35,355","7,11,286",46.30%,"29,810",4.20%
457,Salem,16,GEN,Tamil Nadu,Thangkabalu K. V.,Indian National Congress,"12,51,141","7,40,252",59.20%,"1,75,627",23.70%
458,Salempur,38,GEN,Uttar Pradesh [2000 Onwards],Harikeval Prasad,Samajwadi Party,"14,84,606","6,69,579",45.10%,"16,253",2.40%
459,Salumber,17,GEN,Rajasthan,Mahaveer Bhagora,Bharatiya Janta Party,"12,79,337","6,28,768",49.20%,"24,774",3.90%
460,Samastipur,17,SC,Bihar [2000 Onwards],Alok Kumar Mehta,Rashtriya Janata Dal,"14,33,793","8,64,688",60.30%,"1,26,783",14.70%
461,Sambalpur,17,GEN,Orissa,Prasanna Acharya,Biju Janata Dal,"12,42,861","8,11,674",65.30%,"14,770",1.80%
462,Sambhal,5,SC,Uttar Pradesh [2000 Onwards],Pro. Ram Gopal Yadav,Samajwadi Party,"12,49,017","7,59,382",60.80%,"1,98,061",26.10%
463,Sangli,46,GEN,Maharashtra,Patil Prakashbapu Vasantdada,Indian National Congress,"11,86,416","6,92,440",58.40%,"81,623",11.80%
464,Sangrur,10,GEN,Punjab,Sukhdev Singh Dhindsa,Shiromani Akali Dal,"12,14,485","8,37,596",69.00%,"27,277",3.30%
465,Sarangarh,5,GEN,Chhattisgarh,Guharam Ajgalle,Bharatiya Janta Party,"11,91,389","5,87,744",49.30%,"59,118",10.10%
466,Sasaram,35,GEN,Bihar [2000 Onwards],Meira Kumar,Indian National Congress,"12,91,800","6,97,265",54.00%,"2,58,262",37.00%
467,Satara,44,GEN,Maharashtra,Laxmanrao Pandurang Jadhav (PATIL),Nationalist Congress Party,"11,49,290","6,73,093",58.60%,"3,957",0.60%
468,Satna,8,GEN,Madhya Pradesh [2000 Onwards],Ganesh Singh,Bharatiya Janta Party,"13,24,818","6,09,727",46.00%,"83,590",13.70%
469,Sawai Madhopur,11,ST,Rajasthan,Namo Narain,Indian National Congress,"13,40,804","6,64,489",49.60%,"1,11,163",16.70%
470,Secunderabad,31,GEN,Andhra Pradesh,Anjan Kumar Yadav M,Indian National Congress,"18,50,694","9,73,226",52.60%,"68,758",7.10%
471,Seoni,15,GEN,Madhya Pradesh [2000 Onwards],Neeta Pateriya,Bharatiya Janta Party,"12,03,918","5,98,745",49.70%,"94,801",15.80%
472,Serampore,26,GEN,West Bengal,Santasri Chatterjee,Communist Party Of India (MARXIST),"12,85,398","9,42,891",73.40%,"19,687",2.10%
473,Shahabad,12,GEN,Uttar Pradesh [2000 Onwards],Iliyas Azmi,Bahujan Samaj Party,"12,58,003","5,79,606",46.10%,"46,369",8.00%
474,Shahdol,11,GEN,Madhya Pradesh [2000 Onwards],Dalpat Singh Paraste,Bharatiya Janta Party,"13,05,252","5,09,123",39.00%,"29,349",5.80%
475,Shahjahanpur,10,GEN,Uttar Pradesh [2000 Onwards],Kunwar Jitin Prasad,Indian National Congress,"12,40,983","6,34,371",51.10%,"81,832",12.90%
476,Shajapur,22,SC,Madhya Pradesh [2000 Onwards],Thawarchand Gehlot,Bharatiya Janta Party,"13,28,841","7,19,744",54.20%,"1,68,187",23.40%
477,Sheohar,12,GEN,Bihar [2000 Onwards],Sitaram Singh,Rashtriya Janata Dal,"12,14,428","6,66,384",54.90%,"73,883",11.10%
478,Shillong,1,ST,Meghalaya,Paty Ripple Kyndiah,Indian National Congress,"7,85,062","3,67,736",46.80%,"70,896",19.30%
479,Shimoga,21,GEN,Karnataka,S. Bangarappa,Bharatiya Janta Party,"12,57,953","8,86,294",70.50%,"76,145",8.60%
480,Sholapur,37,GEN,Maharashtra,Deshmukh Subhash Sureshchandra,Bharatiya Janta Party,"11,87,231","6,57,089",55.40%,"5,798",0.90%
481,Siddipet,32,SC,Andhra Pradesh,Sarvey Sathyanarayana,Indian National Congress,"17,27,118","11,18,829",64.80%,"1,38,972",12.40%
482,Sidhi,10,GEN,Madhya Pradesh [2000 Onwards],Chandrapratap Singh,Bharatiya Janta Party,"10,83,701","4,57,029",42.20%,"49,565",10.80%
483,Sikar,5,GEN,Rajasthan,Subhash Meharia,Bharatiya Janta Party,"14,76,344","7,77,953",52.70%,"54,683",7.00%
484,Sikkim,1,GEN,Sikkim,Nakul Das Rai,Sikkim Democratic Front,"2,81,937","2,15,294",76.40%,"93,151",43.30%
485,Silchar,2,GEN,Assam,Sontosh Mohan Dev,Indian National Congress,"8,79,243","6,07,884",69.10%,"21,320",3.50%
486,Simla,1,GEN,Himachal Pradesh,Dhani Ram Shandil,Indian National Congress,"10,18,988","5,25,998",51.60%,"1,08,180",20.60%
487,Singhbhum,10,ST,Jharkhand,Bagun Sumbrai,Indian National Congress,"9,19,728","5,20,155",56.60%,"59,196",11.40%
488,Sirsa,10,GEN,Haryana,Atma Singh Gill,Indian National Congress,"12,19,935","8,41,638",69.00%,"71,475",8.50%
489,Sitamarhi,11,GEN,Bihar [2000 Onwards],Sitaram Yadav,Rashtriya Janata Dal,"12,65,132","6,90,791",54.60%,"98,005",14.20%
490,Sitapur,13,GEN,Uttar Pradesh [2000 Onwards],Rajesh Verma,Bahujan Samaj Party,"12,92,685","5,96,568",46.20%,"5,234",0.90%
491,Sivaganga,33,GEN,Tamil Nadu,"Chidambaram, P.",Indian National Congress,"10,83,542","6,64,594",61.30%,"1,62,725",24.50%
492,Sivakasi,35,GEN,Tamil Nadu,"Ravichandran, A",Marumalarchi Dravida Munnetra Kazhagam,"13,13,594","8,28,082",63.00%,"1,64,517",19.90%
493,Siwan,5,GEN,Bihar [2000 Onwards],Mohammad Shahabuddin,Rashtriya Janata Dal,"10,54,441","6,37,544",60.50%,"1,03,578",16.20%
494,Sonepat,4,GEN,Haryana,Kishan Singh Sangwan,Bharatiya Janta Party,"11,38,771","7,36,510",64.70%,"7,569",1.00%
495,South Delhi,2,GEN,Delhi [1977 Onwards],Vijay Kumar Malhotra,Bharatiya Janta Party,"10,18,862","4,78,871",47.00%,"16,005",3.30%
496,Srikakulam,1,GEN,Andhra Pradesh,Yerrannaidu Kinjarapu,Telugu Desam,"9,58,626","7,23,013",75.40%,"31,879",4.40%
497,Srinagar,2,GEN,Jammu & Kashmir,Omar Abdullah,Jammu & Kashmir National Conference,"10,53,734","1,95,645",18.60%,"23,159",11.80%
498,Sriperumbudur,4,GEN,Tamil Nadu,Krishnaswamy. A,Dravida Munetra Kazhagam,"14,23,561","8,42,045",59.20%,"2,35,346",27.90%
499,Sultanpur,22,GEN,Uttar Pradesh [2000 Onwards],Mohd. Tahir,Bahujan Samaj Party,"14,65,273","7,21,002",49.20%,"1,01,810",14.10%
500,Sundargarh,20,GEN,Orissa,Jual Oram,Bharatiya Janta Party,"12,09,123","7,32,302",60.60%,"39,676",5.40%
501,Surat,24,GEN,Gujarat,Kashiram Rana,Bharatiya Janta Party,"23,77,198","8,96,233",37.70%,"1,50,563",16.80%
502,Surendranagar,2,GEN,Gujarat,Koli Patel Somabhai Gandabhai,Bharatiya Janta Party,"11,09,656","4,55,520",41.10%,"33,944",7.50%
503,Surguja,1,ST,Chhattisgarh,Nand Kumar Sai,Bharatiya Janta Party,"13,87,483","6,76,480",48.80%,"1,03,452",15.30%
504,Tamluk,30,GEN,West Bengal,Seth Lakshman Chandra,Communist Party Of India (MARXIST),"11,85,781","10,30,848",86.90%,"57,380",5.60%
505,Tarn Taran,3,GEN,Punjab,Dr. Rattan Singh Ajnala,Shiromani Akali Dal,"11,73,431","7,17,306",61.10%,"56,394",7.90%
506,Tehri Garhwal,1,GEN,Uttarakhand,Manabendra Shah,Bharatiya Janta Party,"12,92,454","5,61,210",43.40%,"17,446",3.10%
507,Tenali,14,GEN,Andhra Pradesh,Balashowry Vallabhaneni,Indian National Congress,"8,80,148","6,71,316",76.30%,"78,556",11.70%
508,Tenkasi,37,SC,Tamil Nadu,"Appadurai, M.",Communist Party Of India,"10,84,708","7,09,688",65.40%,"1,22,176",17.20%
509,Tezpur,9,GEN,Assam,Moni Kumar Subba,Indian National Congress,"10,06,389","7,20,182",71.60%,"70,445",9.80%
510,Thane,10,GEN,Maharashtra,Paranjape Prakash Vishvanath,Shiv Sena,"32,40,342","13,13,006",40.50%,"22,258",1.70%
511,Thanjavur,31,GEN,Tamil Nadu,Palanimanickam. S. S.,Dravida Munetra Kazhagam,"10,30,779","7,06,888",68.60%,"1,19,148",16.90%
512,Tindivanam,10,GEN,Tamil Nadu,Dhanaraju. K,Pattali Makkal Katchi,"11,58,938","7,27,774",62.80%,"91,164",12.50%
513,Tiruchendur,38,GEN,Tamil Nadu,Radhika Selvi. V,Dravida Munetra Kazhagam,"10,31,560","6,28,693",61.00%,"1,81,681",28.90%
514,Tiruchengode,17,GEN,Tamil Nadu,Subbulakshmi Jagadeesan,Dravida Munetra Kazhagam,"14,43,197","8,62,183",59.70%,"1,79,397",20.80%
515,Tiruchirappalli,27,SC,Tamil Nadu,Ganesan. L,Marumalarchi Dravida Munnetra Kazhagam,"11,92,254","7,07,830",59.40%,"2,16,725",30.60%
516,Tirunelveli,36,GEN,Tamil Nadu,"Dhanuskodi Athithan, R.",Indian National Congress,"10,86,290","6,31,284",58.10%,"1,67,075",26.50%
517,Tirupathi,20,SC,Andhra Pradesh,Chinta Mohan,Indian National Congress,"12,15,573","8,48,995",69.80%,"1,99,328",23.50%
518,Tiruppattur,8,GEN,Tamil Nadu,"Venugopal, D.",Dravida Munetra Kazhagam,"12,13,662","7,74,387",63.80%,"1,80,902",23.40%
519,Tonk,13,GEN,Rajasthan,Kailash Meghwal,Bharatiya Janta Party,"12,78,411","5,93,288",46.40%,"58,512",9.90%
520,Trichur,9,SC,Kerala,C. K. Chandrappan,Communist Party Of India,"9,90,733","6,86,108",69.30%,"45,961",6.70%
521,Tripura East,2,ST,Tripura,Baju Ban Riyan,Communist Party Of India (MARXIST),"9,36,626","6,19,546",66.20%,"3,10,736",50.20%
522,Tripura West,1,GEN,Tripura,Khagen Das,Communist Party Of India (MARXIST),"10,41,596","6,99,397",67.20%,"3,84,636",55.00%
523,Trivandrum,20,GEN,Kerala,P. K. Vasudevan Nair,Communist Party Of India,"11,12,571","7,61,488",68.40%,"54,603",7.20%
524,Tumkur,8,GEN,Karnataka,S. Mallikarjunaiah,Bharatiya Janta Party,"12,21,507","8,62,673",70.60%,"2,351",0.30%
525,Tura,2,ST,Meghalaya,Purano Agitok Sangma,All India Trinamool Congress,"5,04,312","3,11,502",61.80%,"72,763",23.40%
526,Udaipur,18,GEN,Rajasthan,Kiran Maheshwari,Bharatiya Janta Party,"13,63,337","7,58,166",55.60%,"74,875",9.90%
527,Udhampur,5,GEN,Jammu & Kashmir,Ch. Lal Singh,Indian National Congress,"13,48,721","6,07,945",45.10%,"47,175",7.80%
528,Udupi,18,SC,Karnataka,Manorama Madhwaraj,Bharatiya Janta Party,"11,38,398","7,78,545",68.40%,"29,003",3.70%
529,Ujjain,27,ST,Madhya Pradesh [2000 Onwards],Dr. Satyanarayan Jatiya,Bharatiya Janta Party,"12,43,447","7,19,800",57.90%,"70,403",9.80%
530,Uluberia,25,GEN,West Bengal,Hannan Mollah,Communist Party Of India (MARXIST),"11,29,673","8,49,086",75.20%,"1,52,115",17.90%
531,Unnao,18,SC,Uttar Pradesh [2000 Onwards],Brajesh Pathak,Bahujan Samaj Party,"13,03,203","5,47,514",42.00%,"17,761",3.20%
532,Vaishali,9,GEN,Bihar [2000 Onwards],Raghubansh Prasad Singh,Rashtriya Janata Dal,"11,97,345","7,48,681",62.50%,"1,05,935",14.10%
533,Vandavasi,9,GEN,Tamil Nadu,"Ramachandran Gingee, N.",Marumalarchi Dravida Munnetra Kazhagam,"11,28,624","7,01,659",62.20%,"1,51,433",21.60%
534,Varanasi,48,GEN,Uttar Pradesh [2000 Onwards],Dr. Rajesh Kumar Mishra,Indian National Congress,"14,87,696","6,33,729",42.60%,"57,436",9.10%
535,Vellore,7,GEN,Tamil Nadu,"Kader Mohideen, K. M",Dravida Munetra Kazhagam,"12,20,454","7,45,806",61.10%,"1,78,610",23.90%
536,Vidisha,20,GEN,Madhya Pradesh [2000 Onwards],Shivraj Singh Chauhan,Bharatiya Janta Party,"13,13,048","6,56,181",50.00%,"2,60,726",39.70%
537,Vijayawada,13,GEN,Andhra Pradesh,Rajagopal Lagadapati,Indian National Congress,"14,64,657","9,43,766",64.40%,"1,14,587",12.10%
538,Visakhapatnam,4,GEN,Andhra Pradesh,Janardhana Reddy Nedurumalli,Indian National Congress,"15,15,574","9,65,735",63.70%,"1,30,571",13.50%
539,Vishnupur,36,GEN,West Bengal,Susmita Bauri,Communist Party Of India (MARXIST),"10,52,852","8,03,360",76.30%,"3,31,829",41.30%
540,Warangal,39,GEN,Andhra Pradesh,Dharavath Ravinder Naik,Telangana Rashtra Samithi,"12,15,167","9,21,516",75.80%,"19,262",2.10%
541,Wardha,27,GEN,Maharashtra,Wagmare Suresh Ganapat,Bharatiya Janta Party,"11,44,924","6,25,840",54.70%,"3,188",0.50%
542,Washim,20,ST,Maharashtra,Gawali (PATIL) KU. BHAVANA PUNDLIKRAO,Shiv Sena,"11,51,886","7,19,643",62.50%,"60,898",8.50%
543,Yavatmal,28,GEN,Maharashtra,Rathod Harising Nasaru,Bharatiya Janta Party,"11,33,605","6,63,001",58.50%,"56,804",8.60%
